timestamp,elapsed_s,arm,tps,tokens_predicted_total,temp_c,violation_flag,kernel_freq_mhz,actual_freq_mhz,throttle_bits
1774006315.617,0.000,B0,0.0000,0,64.3,0,1800,1800,0
1774006316.620,1.003,B0,0.0000,0,66.2,0,1800,1800,0
1774006317.620,2.003,B0,0.0000,0,68.2,0,1800,1800,0
1774006318.620,3.003,B0,0.0000,0,68.2,0,1800,1800,0
1774006319.620,4.003,B0,0.0000,0,69.1,0,1800,1800,0
1774006320.620,5.004,B0,0.0000,0,71.6,0,1800,1800,0
1774006321.620,6.004,B0,0.0000,0,71.1,0,1800,1800,0
1774006322.624,7.008,B0,0.0000,0,70.6,0,1800,1800,0
1774006323.624,8.008,B0,0.0000,0,72.1,0,1800,1800,0
1774006324.625,9.008,B0,0.0000,0,72.1,0,1800,1800,0
1774006325.625,10.008,B0,0.0000,0,74.0,0,1800,1800,0
1774006326.625,11.009,B0,0.0000,0,74.0,0,1800,1800,0
1774006327.625,12.009,B0,0.0000,0,74.0,0,1800,1800,0
1774006328.626,13.009,B0,0.0000,0,74.0,0,1800,1800,0
1774006329.626,14.009,B0,0.0000,0,74.5,0,1800,1800,0
1774006330.626,15.009,B0,0.0000,0,75.0,0,1800,1800,0
1774006331.627,16.010,B0,0.0000,0,75.0,0,1800,1800,0
1774006332.627,17.010,B0,0.0000,0,75.5,0,1800,1800,0
1774006333.627,18.010,B0,0.0000,0,76.0,0,1800,1800,0
1774006334.627,19.010,B0,0.0000,0,74.5,0,1800,1800,0
1774006335.627,20.011,B0,0.0000,0,75.5,0,1800,1800,0
1774006336.627,21.011,B0,0.0000,0,75.5,0,1800,1800,0
1774006337.628,22.011,B0,0.0000,0,75.5,0,1800,1800,0
1774006338.628,23.011,B0,131.7998,125,75.5,0,1800,1800,0
1774006339.628,24.011,B0,0.0000,125,76.9,0,1800,1800,0
1774006340.628,25.012,B0,0.0000,125,76.9,0,1800,1800,0
1774006341.628,26.012,B0,0.0000,125,76.0,0,1800,1800,0
1774006342.632,27.016,B0,0.0000,125,76.0,0,1800,1800,0
1774006343.637,28.020,B0,0.0000,125,76.9,0,1800,1800,0
1774006344.637,29.020,B0,0.0000,125,76.9,0,1800,1800,0
1774006345.637,30.020,B0,0.0000,125,77.4,0,1800,1800,0
1774006346.637,31.020,B0,0.0000,125,76.9,0,1800,1800,0
1774006347.640,32.024,B0,0.0000,125,76.4,0,1800,1800,0
1774006348.644,33.028,B0,0.0000,125,77.4,0,1800,1800,0
1774006349.644,34.028,B0,0.0000,125,77.9,0,1800,1800,0
1774006350.645,35.028,B0,0.0000,125,78.9,0,1800,1800,0
1774006351.648,36.032,B0,0.0000,125,77.4,0,1800,1800,0
1774006352.648,37.032,B0,0.0000,125,78.9,0,1800,1800,0
1774006353.652,38.036,B0,0.0000,125,78.4,0,1800,1800,0
1774006354.656,39.040,B0,0.0000,125,78.4,0,1800,1800,0
1774006355.656,40.040,B0,0.0000,125,76.9,0,1800,1800,0
1774006356.656,41.040,B0,0.0000,125,78.9,0,1800,1800,0
1774006357.657,42.040,B0,0.0000,125,78.4,0,1800,1800,0
1774006358.658,43.042,B0,0.0000,125,78.9,0,1800,1800,0
1774006359.659,44.042,B0,0.0000,125,78.9,0,1800,1800,0
1774006360.659,45.042,B0,0.0000,125,79.4,0,1800,1800,0
1774006361.659,46.042,B0,0.0000,125,78.9,0,1800,1800,0
1774006362.659,47.042,B0,0.0000,125,78.9,0,1800,1800,0
1774006363.659,48.043,B0,0.0000,125,79.9,0,1800,1800,0
1774006364.659,49.043,B0,0.0000,125,79.4,0,1800,1800,0
1774006365.660,50.043,B0,0.0000,125,80.3,1,1800,1800,0
1774006366.660,51.043,B0,0.0000,125,78.9,0,1800,1800,0
1774006367.660,52.043,B0,155.4739,275,80.8,1,1800,1800,0
1774006368.660,53.043,B0,0.0000,275,79.9,0,1800,1800,0
1774006369.660,54.044,B0,0.0000,275,78.4,0,1800,1800,0
1774006370.660,55.044,B0,0.0000,275,80.8,1,1800,1800,0
1774006371.664,56.048,B0,0.0000,275,80.3,1,1800,1800,0
1774006372.664,57.048,B0,0.0000,275,79.9,0,1800,1800,0
1774006373.665,58.048,B0,0.0000,275,79.9,0,1800,1800,0
1774006374.665,59.048,B0,0.0000,275,80.3,1,1800,1800,0
1774006375.665,60.048,B0,0.0000,275,78.9,0,1800,1800,0
1774006376.665,61.048,B0,0.0000,275,80.8,1,1800,1800,0
1774006377.665,62.049,B0,0.0000,275,81.3,1,1800,1800,0
1774006378.666,63.049,B0,0.0000,275,79.4,0,1800,1800,0
1774006379.666,64.049,B0,0.0000,275,79.9,0,1800,1800,0
1774006380.667,65.051,B0,0.0000,275,81.8,1,1800,1800,0
1774006381.668,66.051,B0,0.0000,275,81.3,1,1800,1800,0
1774006382.668,67.051,B0,0.0000,275,81.8,1,1800,1800,0
1774006383.668,68.051,B0,0.0000,275,82.3,1,1800,1775,8
1774006384.668,69.051,B0,0.0000,275,80.8,1,1800,1800,0
1774006385.668,70.052,B0,0.0000,275,81.3,1,1800,1800,0
1774006386.668,71.052,B0,0.0000,275,81.3,1,1800,1800,0
1774006387.669,72.052,B0,0.0000,275,81.8,1,1800,1800,0
1774006388.669,73.052,B0,0.0000,275,81.3,1,1800,1800,0
1774006389.669,74.052,B0,0.0000,275,81.3,1,1800,1800,0
1774006390.669,75.052,B0,0.0000,275,81.3,1,1800,1800,0
1774006391.669,76.053,B0,0.0000,275,81.3,1,1800,1775,0
1774006392.669,77.053,B0,0.0000,275,83.3,1,1800,1800,0
1774006393.672,78.056,B0,0.0000,275,81.3,1,1800,1800,0
1774006394.673,79.056,B0,0.0000,275,81.8,1,1800,1800,0
1774006395.673,80.056,B0,155.1808,425,82.3,1,1800,1775,8
1774006396.673,81.056,B0,0.0000,425,81.8,1,1800,1800,0
1774006397.673,82.056,B0,0.0000,425,81.8,1,1800,1775,8
1774006398.673,83.056,B0,0.0000,425,81.8,1,1800,1726,8
1774006399.676,84.060,B0,0.0000,425,81.3,1,1800,1800,0
1774006400.676,85.060,B0,0.0000,425,82.8,1,1800,1800,0
1774006401.680,86.064,B0,0.0000,425,82.3,1,1800,1677,8
1774006402.680,87.064,B0,0.0000,425,81.8,1,1800,1800,0
1774006403.684,88.068,B0,0.0000,425,81.8,1,1800,1800,0
1774006404.688,89.072,B0,0.0000,425,83.3,1,1800,1726,8
1774006405.688,90.072,B0,0.0000,425,82.8,1,1800,1800,0
1774006406.689,91.072,B0,0.0000,425,82.3,1,1800,1775,8
1774006407.689,92.072,B0,0.0000,425,81.3,1,1800,1800,0
1774006408.689,93.072,B0,0.0000,425,82.3,1,1800,1775,8
1774006409.689,94.072,B0,0.0000,425,82.8,1,1800,1726,8
1774006410.689,95.073,B0,0.0000,425,82.8,1,1800,1775,8
1774006411.692,96.076,B0,0.0000,425,81.8,1,1800,1726,8
1774006412.696,97.079,B0,0.0000,425,82.8,1,1800,1677,8
1774006413.696,98.079,B0,0.0000,425,82.3,1,1800,1775,8
1774006414.696,99.079,B0,0.0000,425,81.8,1,1800,1775,8
1774006415.696,100.079,B0,110.1220,533,83.3,1,1800,1726,0
1774006416.696,101.080,B0,0.0000,533,81.8,1,1800,1800,0
1774006417.696,102.080,B0,0.0000,533,83.3,1,1800,1726,8
1774006418.697,103.080,B0,0.0000,533,83.3,1,1800,1677,8
1774006419.700,104.084,B0,0.0000,533,82.8,1,1800,1775,8
1774006420.704,105.088,B0,0.0000,533,82.8,1,1800,1775,8
1774006421.708,106.092,B0,0.0000,533,82.3,1,1800,1726,8
1774006422.708,107.092,B0,0.0000,533,82.3,1,1800,1775,8
1774006423.712,108.096,B0,0.0000,533,82.3,1,1800,1629,8
1774006424.716,109.100,B0,0.0000,533,82.8,1,1800,1726,8
1774006425.716,110.100,B0,0.0000,533,82.3,1,1800,1800,0
1774006426.720,111.104,B0,0.0000,533,82.8,1,1800,1775,8
1774006427.720,112.104,B0,0.0000,533,82.8,1,1800,1726,8
1774006428.721,113.104,B0,0.0000,533,82.8,1,1800,1726,8
1774006429.721,114.104,B0,0.0000,533,82.3,1,1800,1726,8
1774006430.721,115.104,B0,0.0000,533,82.8,1,1800,1800,0
1774006431.721,116.104,B0,0.0000,533,81.8,1,1800,1800,0
1774006432.724,117.108,B0,0.0000,533,83.8,1,1800,1775,8
1774006433.724,118.108,B0,0.0000,533,82.8,1,1800,1726,8
1774006434.725,119.108,B0,0.0000,533,82.8,1,1800,1726,8
1774006435.725,120.108,B0,0.0000,533,83.3,1,1800,1775,8
1774006436.725,121.108,B0,0.0000,533,83.3,1,1800,1677,8
1774006437.725,122.108,B0,119.5326,650,83.3,1,1800,1677,8
1774006438.725,123.109,B0,0.0000,650,83.8,1,1800,1726,8
1774006439.725,124.109,B0,0.0000,650,82.8,1,1800,1726,8
1774006440.726,125.109,B0,0.0000,650,82.8,1,1800,1726,8
1774006441.726,126.109,B0,0.0000,650,83.3,1,1800,1726,8
1774006442.728,127.112,B0,0.0000,650,82.8,1,1800,1726,8
1774006443.728,128.112,B0,0.0000,650,82.8,1,1800,1726,8
1774006444.732,129.116,B0,0.0000,650,83.8,1,1800,1726,8
1774006445.732,130.116,B0,0.0000,650,82.8,1,1800,1629,8
1774006446.733,131.116,B0,0.0000,650,82.8,1,1800,1775,8
1774006447.736,132.120,B0,0.0000,650,83.3,1,1800,1726,8
1774006448.736,133.120,B0,0.0000,650,82.8,1,1800,1775,8
1774006449.737,134.120,B0,0.0000,650,82.3,1,1800,1629,8
1774006450.737,135.120,B0,0.0000,650,82.8,1,1800,1726,8
1774006451.737,136.120,B0,0.0000,650,83.3,1,1800,1677,8
1774006452.737,137.120,B0,0.0000,650,82.8,1,1800,1677,8
1774006453.737,138.121,B0,0.0000,650,84.2,1,1800,1677,8
1774006454.738,139.121,B0,0.0000,650,83.3,1,1800,1726,8
1774006455.738,140.121,B0,0.0000,650,83.3,1,1800,1726,8
1774006456.738,141.121,B0,0.0000,650,82.8,1,1800,1726,8
1774006457.740,142.124,B0,0.0000,650,83.8,1,1800,1726,8
1774006458.744,143.128,B0,0.0000,650,82.3,1,1800,1677,8
1774006459.748,144.132,B0,0.0000,650,83.3,1,1800,1677,8
1774006460.748,145.132,B0,0.0000,650,83.3,1,1800,1629,8
1774006461.749,146.132,B0,0.0000,650,82.8,1,1800,1775,8
1774006462.749,147.132,B0,0.0000,650,82.3,1,1800,1580,8
1774006463.749,148.132,B0,0.0000,650,82.8,1,1800,1677,8
1774006464.752,149.136,B0,0.0000,650,83.8,1,1800,1726,8
1774006465.752,150.136,B0,0.0000,650,83.3,1,1800,1726,8
1774006466.752,151.136,B0,128.9664,800,83.3,1,1800,1726,8
1774006467.756,152.140,B0,0.0000,800,83.3,1,1800,1775,8
1774006468.756,153.140,B0,0.0000,800,83.8,1,1800,1775,8
1774006469.757,154.140,B0,0.0000,800,83.3,1,1800,1629,8
1774006470.757,155.140,B0,0.0000,800,82.8,1,1800,1726,8
1774006471.757,156.141,B0,0.0000,800,82.3,1,1800,1726,8
1774006472.757,157.141,B0,0.0000,800,84.2,1,1800,1775,8
1774006473.758,158.141,B0,0.0000,800,83.8,1,1800,1531,8
1774006474.758,159.141,B0,0.0000,800,84.2,1,1800,1580,8
1774006475.760,160.144,B0,0.0000,800,83.3,1,1800,1677,8
1774006476.760,161.144,B0,0.0000,800,83.3,1,1800,1677,8
1774006477.761,162.144,B0,0.0000,800,83.3,1,1800,1677,8
1774006478.761,163.144,B0,0.0000,800,82.8,1,1800,1775,8
1774006479.764,164.148,B0,0.0000,800,83.8,1,1800,1726,8
1774006480.768,165.152,B0,0.0000,800,83.8,1,1800,1726,8
1774006481.768,166.152,B0,0.0000,800,83.3,1,1800,1677,8
1774006482.770,167.154,B0,0.0000,800,84.2,1,1800,1677,8
1774006483.770,168.154,B0,0.0000,800,83.3,1,1800,1677,8
1774006484.771,169.154,B0,0.0000,800,84.2,1,1800,1775,8
1774006485.771,170.154,B0,0.0000,800,82.3,1,1800,1775,8
1774006486.771,171.154,B0,0.0000,800,83.8,1,1800,1726,8
1774006487.771,172.154,B0,0.0000,800,83.8,1,1800,1677,8
1774006488.771,173.155,B0,0.0000,800,83.3,1,1800,1677,8
1774006489.771,174.155,B0,0.0000,800,83.3,1,1800,1775,8
1774006490.772,175.155,B0,0.0000,800,83.3,1,1800,1677,8
1774006491.772,176.155,B0,113.6622,932,83.8,1,1800,1629,8
1774006492.772,177.155,B0,0.0000,932,83.8,1,1800,1726,8
1774006493.772,178.156,B0,0.0000,932,83.8,1,1800,1726,8
1774006494.772,179.156,B0,0.0000,932,83.3,1,1800,1677,8
1774006495.773,180.156,B0,0.0000,932,83.3,1,1800,1677,8
1774006496.773,181.156,B0,0.0000,932,83.8,1,1800,1580,8
1774006497.773,182.156,B0,0.0000,932,83.3,1,1800,1677,8
1774006498.773,183.156,B0,0.0000,932,83.8,1,1800,1629,8
1774006499.773,184.157,B0,0.0000,932,83.3,1,1800,1629,8
1774006500.773,185.157,B0,0.0000,932,83.8,1,1800,1629,8
1774006501.774,186.157,B0,0.0000,932,83.3,1,1800,1677,8
1774006502.774,187.157,B0,0.0000,932,83.8,1,1800,1677,8
1774006503.774,188.157,B0,0.0000,932,83.8,1,1800,1677,8
1774006504.776,189.160,B0,0.0000,932,83.8,1,1800,1580,8
1774006505.776,190.160,B0,0.0000,932,84.2,1,1800,1629,8
1774006506.777,191.160,B0,0.0000,932,83.8,1,1800,1629,8
1774006507.780,192.164,B0,0.0000,932,83.8,1,1800,1629,8
1774006508.780,193.164,B0,0.0000,932,82.8,1,1800,600,6
1774006509.784,194.168,B0,0.0000,932,83.3,1,1800,1677,8
1774006510.788,195.172,B0,0.0000,932,83.8,1,1800,1726,8
1774006511.792,196.176,B0,0.0000,932,83.3,1,1800,1677,8
1774006512.796,197.180,B0,0.0000,932,83.3,1,1800,1775,8
1774006513.796,198.180,B0,0.0000,932,83.3,1,1800,1531,8
1774006514.797,199.180,B0,0.0000,932,83.8,1,1800,1580,8
1774006515.797,200.180,B0,0.0000,932,82.8,1,1800,1629,8
1774006516.797,201.180,B0,136.6225,1067,83.3,1,1800,1629,8
1774006517.800,202.184,B0,0.0000,1067,81.8,1,1800,1629,0
1774006518.800,203.184,B0,0.0000,1067,83.8,1,1800,1629,8
1774006519.801,204.184,B0,0.0000,1067,83.3,1,1800,1677,8
1774006520.801,205.184,B0,0.0000,1067,83.3,1,1800,1677,8
1774006521.804,206.188,B0,0.0000,1067,82.8,1,1800,1726,8
1774006522.806,207.189,B0,0.0000,1067,83.8,1,1800,1580,8
1774006523.806,208.190,B0,0.0000,1067,83.8,1,1800,1629,8
1774006524.806,209.190,B0,0.0000,1067,82.8,1,1800,1531,8
1774006525.807,210.190,B0,0.0000,1067,84.2,1,1800,1677,8
1774006526.807,211.190,B0,0.0000,1067,84.2,1,1800,1629,8
1774006527.807,212.190,B0,0.0000,1067,84.2,1,1800,1677,8
1774006528.807,213.190,B0,0.0000,1067,83.3,1,1800,1629,8
1774006529.807,214.191,B0,0.0000,1067,83.8,1,1800,1677,8
1774006530.808,215.191,B0,0.0000,1067,83.8,1,1800,1629,8
1774006531.808,216.191,B0,0.0000,1067,83.8,1,1800,1677,8
1774006532.808,217.191,B0,0.0000,1067,83.8,1,1800,1580,8
1774006533.808,218.191,B0,0.0000,1067,82.3,1,1800,1629,8
1774006534.808,219.192,B0,0.0000,1067,83.8,1,1800,1629,8
1774006535.808,220.192,B0,0.0000,1067,83.8,1,1800,1629,8
1774006536.809,221.192,B0,0.0000,1067,83.8,1,1800,1629,8
1774006537.812,222.196,B0,0.0000,1067,83.3,1,1800,1629,8
1774006538.812,223.196,B0,0.0000,1067,84.2,1,1800,1580,8
1774006539.813,224.196,B0,0.0000,1067,84.2,1,1800,1580,8
1774006540.813,225.196,B0,0.0000,1067,83.3,1,1800,1531,8
1774006541.813,226.196,B0,0.0000,1067,84.7,1,1800,1531,8
1774006542.813,227.196,B0,0.0000,1067,83.8,1,1800,1726,8
1774006543.813,228.197,B0,0.0000,1067,84.2,1,1800,1726,8
1774006544.813,229.197,B0,0.0000,1067,83.8,1,1800,1629,8
1774006545.814,230.197,B0,153.7294,1217,84.7,1,1800,1531,8
1774006546.814,231.197,B0,0.0000,1217,82.8,1,1800,1580,8
1774006547.814,232.197,B0,0.0000,1217,84.2,1,1800,1580,8
1774006548.814,233.198,B0,0.0000,1217,83.8,1,1800,1726,8
1774006549.814,234.198,B0,0.0000,1217,83.8,1,1800,1629,8
1774006550.815,235.198,B0,0.0000,1217,83.3,1,1800,1677,8
1774006551.815,236.198,B0,0.0000,1217,83.3,1,1800,1580,8
1774006552.815,237.198,B0,0.0000,1217,84.7,1,1800,1629,8
1774006553.815,238.198,B0,0.0000,1217,84.2,1,1800,1677,8
1774006554.815,239.199,B0,0.0000,1217,83.3,1,1800,1580,8
1774006555.815,240.199,B0,0.0000,1217,83.3,1,1800,1677,8
1774006556.816,241.199,B0,0.0000,1217,83.8,1,1800,1677,8
1774006557.816,242.199,B0,0.0000,1217,83.3,1,1800,1580,8
1774006558.816,243.199,B0,0.0000,1217,84.2,1,1800,1580,8
1774006559.816,244.199,B0,0.0000,1217,83.3,1,1800,1580,8
1774006560.816,245.200,B0,0.0000,1217,84.2,1,1800,1580,8
1774006561.816,246.200,B0,0.0000,1217,84.7,1,1800,1531,8
1774006562.817,247.200,B0,0.0000,1217,83.3,1,1800,1580,8
1774006563.817,248.200,B0,0.0000,1217,83.8,1,1800,1629,8
1774006564.817,249.200,B0,0.0000,1217,83.8,1,1800,1580,8
1774006565.820,250.204,B0,0.0000,1217,84.2,1,1800,1580,8
1774006566.824,251.208,B0,0.0000,1217,82.8,1,1800,1677,8
1774006567.828,252.212,B0,0.0000,1217,83.8,1,1800,1677,8
1774006568.828,253.212,B0,0.0000,1217,83.8,1,1800,1580,8
1774006569.829,254.213,B0,0.0000,1217,84.2,1,1800,1629,8
1774006570.829,255.213,B0,0.0000,1217,83.8,1,1800,1580,8
1774006571.830,256.213,B0,0.0000,1217,84.7,1,1800,1726,8
1774006572.830,257.213,B0,0.0000,1217,83.8,1,1800,1580,8
1774006573.830,258.213,B0,129.0604,1367,83.8,1,1800,1580,8
1774006574.832,259.216,B0,0.0000,1367,83.8,1,1800,1580,8
1774006575.832,260.216,B0,0.0000,1367,83.8,1,1800,1629,8
1774006576.833,261.216,B0,0.0000,1367,83.8,1,1800,1629,8
1774006577.833,262.216,B0,0.0000,1367,83.8,1,1800,1531,8
1774006578.833,263.216,B0,0.0000,1367,84.2,1,1800,1531,8
1774006579.833,264.216,B0,0.0000,1367,83.8,1,1800,1629,8
1774006580.833,265.217,B0,0.0000,1367,84.2,1,1800,1580,8
1774006581.836,266.220,B0,0.0000,1367,83.3,1,1800,1629,8
1774006582.836,267.220,B0,0.0000,1367,83.3,1,1800,1677,8
1774006583.837,268.220,B0,0.0000,1367,83.3,1,1800,1726,8
1774006584.837,269.220,B0,0.0000,1367,82.8,1,1800,1531,8
1774006585.837,270.220,B0,0.0000,1367,82.8,1,1800,1531,8
1774006586.837,271.220,B0,0.0000,1367,83.8,1,1800,1580,8
1774006587.837,272.221,B0,0.0000,1367,84.2,1,1800,1677,8
1774006588.837,273.221,B0,0.0000,1367,83.3,1,1800,1677,8
1774006589.838,274.221,B0,0.0000,1367,83.3,1,1800,1677,8
1774006590.838,275.221,B0,0.0000,1367,85.2,1,1800,1580,8
1774006591.838,276.221,B0,0.0000,1367,83.8,1,1800,1580,8
1774006592.838,277.222,B0,0.0000,1367,83.8,1,1800,1580,8
1774006593.838,278.222,B0,0.0000,1367,83.8,1,1800,600,8
1774006594.839,279.222,B0,0.0000,1367,84.2,1,1800,1580,8
1774006595.839,280.222,B0,0.0000,1367,84.2,1,1800,1677,8
1774006596.839,281.222,B0,0.0000,1367,83.8,1,1800,1629,8
1774006597.839,282.222,B0,0.0000,1367,84.7,1,1800,1629,8
1774006598.839,283.223,B0,0.0000,1367,83.8,1,1800,1629,8
1774006599.839,284.223,B0,0.0000,1367,83.3,1,1800,1580,8
1774006600.840,285.223,B0,0.0000,1367,83.3,1,1800,1677,8
1774006601.840,286.223,B0,0.0000,1367,82.8,1,1800,1580,8
1774006602.840,287.223,B0,149.8448,1514,84.2,1,1800,1629,8
1774006603.840,288.223,B0,0.0000,1514,83.8,1,1800,1580,8
1774006604.840,289.224,B0,0.0000,1514,83.8,1,1800,1580,8
1774006605.841,290.224,B0,0.0000,1514,83.8,1,1800,1629,8
1774006606.841,291.224,B0,0.0000,1514,83.8,1,1800,1629,8
1774006607.841,292.224,B0,0.0000,1514,83.8,1,1800,1629,8
1774006608.841,293.224,B0,0.0000,1514,84.7,1,1800,1629,8
1774006609.841,294.225,B0,0.0000,1514,84.7,1,1800,1677,8
1774006610.841,295.225,B0,0.0000,1514,82.3,1,1800,1531,8
1774006611.842,296.225,B0,0.0000,1514,83.8,1,1800,1677,8
1774006612.842,297.225,B0,0.0000,1514,83.8,1,1800,1629,8
1774006613.842,298.225,B0,0.0000,1514,83.8,1,1800,1629,8
1774006614.842,299.226,B0,0.0000,1514,84.2,1,1800,1677,8
1774006615.844,300.228,B0,0.0000,1514,84.7,1,1800,1531,8
1774006616.848,301.232,B0,0.0000,1514,84.2,1,1800,1531,8
1774006617.848,302.232,B0,0.0000,1514,84.7,1,1800,1531,8
1774006618.849,303.232,B0,0.0000,1514,83.3,1,1800,1580,8
1774006619.849,304.232,B0,0.0000,1514,83.8,1,1800,1629,8
1774006620.852,305.236,B0,0.0000,1514,84.7,1,1800,1580,8
1774006621.856,306.240,B0,0.0000,1514,84.7,1,1800,1629,8
1774006622.856,307.240,B0,0.0000,1514,84.7,1,1800,1677,8
1774006623.857,308.240,B0,0.0000,1514,83.3,1,1800,1677,8
1774006624.857,309.240,B0,0.0000,1514,83.8,1,1800,1580,8
1774006625.857,310.240,B0,0.0000,1514,83.3,1,1800,1677,8
1774006626.857,311.240,B0,0.0000,1514,84.2,1,1800,1580,8
1774006627.857,312.241,B0,0.0000,1514,84.2,1,1800,1531,8
1774006628.857,313.241,B0,0.0000,1514,84.2,1,1800,1580,8
1774006629.858,314.241,B0,0.0000,1514,83.8,1,1800,1580,8
1774006630.860,315.244,B0,0.0000,1514,84.2,1,1800,1580,8
1774006631.860,316.244,B0,152.1773,1664,83.8,1,1800,1580,8
1774006632.863,317.246,B0,0.0000,1664,83.8,1,1800,1677,8
1774006633.863,318.246,B0,0.0000,1664,83.8,1,1800,1580,8
1774006634.863,319.246,B0,0.0000,1664,84.7,1,1800,1629,8
1774006635.863,320.247,B0,0.0000,1664,83.3,1,1800,1677,8
1774006636.863,321.247,B0,0.0000,1664,82.8,1,1800,1629,8
1774006637.864,322.247,B0,0.0000,1664,83.8,1,1800,1629,8
1774006638.865,323.248,B0,0.0000,1664,85.2,1,1800,1677,8
1774006639.865,324.248,B0,0.0000,1664,83.8,1,1800,1677,8
1774006640.865,325.248,B0,0.0000,1664,84.2,1,1800,1580,8
1774006641.868,326.252,B0,0.0000,1664,83.8,1,1800,1629,8
1774006642.868,327.252,B0,0.0000,1664,82.8,1,1800,1726,8
1774006643.871,328.254,B0,0.0000,1664,83.3,1,1800,1677,8
1774006644.871,329.254,B0,0.0000,1664,82.8,1,1800,1531,8
1774006645.871,330.254,B0,0.0000,1664,84.2,1,1800,1677,8
1774006646.871,331.254,B0,0.0000,1664,83.8,1,1800,1629,8
1774006647.871,332.255,B0,0.0000,1664,83.8,1,1800,1580,8
1774006648.871,333.255,B0,0.0000,1664,83.8,1,1800,1677,8
1774006649.872,334.255,B0,0.0000,1664,84.2,1,1800,1531,8
1774006650.872,335.255,B0,0.0000,1664,83.8,1,1800,1629,8
1774006651.872,336.255,B0,0.0000,1664,83.8,1,1800,1677,8
1774006652.872,337.256,B0,0.0000,1664,83.8,1,1800,1629,8
1774006653.872,338.256,B0,0.0000,1664,84.2,1,1800,1531,8
1774006654.873,339.256,B0,0.0000,1664,84.2,1,1800,1580,8
1774006655.873,340.256,B0,0.0000,1664,82.8,1,1800,1726,8
1774006656.873,341.256,B0,0.0000,1664,83.8,1,1800,1629,8
1774006657.873,342.256,B0,0.0000,1664,83.3,1,1800,1580,8
1774006658.876,343.260,B0,0.0000,1664,84.2,1,1800,1629,8
1774006659.876,344.260,B0,0.0000,1664,83.8,1,1800,1677,8
1774006660.877,345.260,B0,146.0894,1814,84.2,1,1800,1629,8
1774006661.877,346.260,B0,0.0000,1814,83.3,1,1800,1580,8
1774006662.877,347.260,B0,0.0000,1814,83.3,1,1800,1531,8
1774006663.880,348.264,B0,0.0000,1814,83.8,1,1800,1531,8
1774006664.880,349.264,B0,0.0000,1814,83.8,1,1800,1531,8
1774006665.881,350.264,B0,0.0000,1814,84.7,1,1800,1531,8
1774006666.881,351.264,B0,0.0000,1814,83.8,1,1800,1580,8
1774006667.884,352.268,B0,0.0000,1814,83.8,1,1800,1580,8
1774006668.884,353.268,B0,0.0000,1814,83.8,1,1800,1629,8
1774006669.885,354.268,B0,0.0000,1814,83.3,1,1800,1677,8
1774006670.888,355.272,B0,0.0000,1814,83.8,1,1800,1580,8
1774006671.892,356.276,B0,0.0000,1814,84.7,1,1800,1629,8
1774006672.892,357.276,B0,0.0000,1814,84.2,1,1800,1677,8
1774006673.896,358.280,B0,0.0000,1814,83.3,1,1800,1531,8
1774006674.900,359.284,B0,0.0000,1814,84.2,1,1800,1629,8
1774006675.900,360.284,B0,0.0000,1814,84.7,1,1800,1726,8
1774006676.901,361.284,B0,0.0000,1814,83.8,1,1800,1629,8
1774006677.901,362.284,B0,0.0000,1814,85.2,1,1800,1629,8
1774006678.904,363.288,B0,0.0000,1814,84.7,1,1800,1531,8
1774006679.908,364.292,B0,0.0000,1814,84.7,1,1800,1629,8
1774006680.909,365.292,B0,0.0000,1814,83.8,1,1800,1580,8
1774006681.912,366.296,B0,0.0000,1814,84.7,1,1800,1629,8
1774006682.916,367.300,B0,0.0000,1814,84.2,1,1800,1726,8
1774006683.920,368.304,B0,0.0000,1814,85.7,1,1800,1677,8
1774006684.920,369.304,B0,0.0000,1814,84.7,1,1800,1629,8
1774006685.921,370.304,B0,0.0000,1814,84.7,1,1800,1629,8
1774006686.924,371.308,B0,0.0000,1814,84.2,1,1800,1580,8
1774006687.924,372.308,B0,0.0000,1814,83.8,1,1800,1677,8
1774006688.925,373.308,B0,0.0000,1814,83.8,1,1800,1677,8
1774006689.925,374.308,B0,188.5340,1964,83.3,1,1800,1580,8
1774006690.925,375.308,B0,0.0000,1964,83.8,1,1800,1580,8
1774006691.925,376.308,B0,0.0000,1964,84.2,1,1800,1580,8
1774006692.928,377.312,B0,0.0000,1964,83.8,1,1800,1629,8
1774006693.928,378.312,B0,0.0000,1964,84.7,1,1800,1677,8
1774006694.929,379.312,B0,0.0000,1964,84.2,1,1800,1531,8
1774006695.929,380.312,B0,0.0000,1964,84.7,1,1800,1580,8
1774006696.929,381.312,B0,0.0000,1964,83.8,1,1800,1629,8
1774006697.932,382.316,B0,0.0000,1964,84.7,1,1800,1580,8
1774006698.936,383.320,B0,0.0000,1964,83.8,1,1800,1677,8
1774006699.936,384.320,B0,0.0000,1964,84.7,1,1800,1677,8
1774006700.937,385.320,B0,0.0000,1964,85.2,1,1800,1580,8
1774006701.940,386.324,B0,0.0000,1964,83.8,1,1800,1580,8
1774006702.941,387.324,B0,0.0000,1964,84.2,1,1800,1580,8
1774006703.941,388.324,B0,0.0000,1964,84.2,1,1800,1677,8
1774006704.944,389.328,B0,0.0000,1964,84.2,1,1800,1580,8
1774006705.944,390.328,B0,0.0000,1964,83.8,1,1800,1629,8
1774006706.945,391.328,B0,0.0000,1964,83.8,1,1800,1531,8
1774006707.945,392.328,B0,92.3776,2058,83.3,1,1800,1629,8
1774006708.945,393.328,B0,0.0000,2058,84.7,1,1800,1629,8
1774006709.945,394.328,B0,0.0000,2058,84.7,1,1800,1629,8
1774006710.945,395.329,B0,0.0000,2058,84.2,1,1800,1580,8
1774006711.945,396.329,B0,0.0000,2058,83.8,1,1800,1531,8
1774006712.946,397.329,B0,0.0000,2058,83.8,1,1800,1531,8
1774006713.946,398.329,B0,0.0000,2058,84.7,1,1800,1531,8
1774006714.946,399.329,B0,0.0000,2058,84.2,1,1800,1580,8
1774006715.946,400.330,B0,0.0000,2058,82.8,1,1800,1629,8
1774006716.946,401.330,B0,0.0000,2058,84.7,1,1800,1677,8
1774006717.947,402.330,B0,0.0000,2058,83.8,1,1800,1531,8
1774006718.947,403.330,B0,0.0000,2058,84.2,1,1800,1580,8
1774006719.947,404.330,B0,0.0000,2058,83.3,1,1800,1629,8
1774006720.947,405.330,B0,0.0000,2058,84.2,1,1800,1580,8
1774006721.947,406.331,B0,0.0000,2058,84.7,1,1800,1580,8
1774006722.948,407.331,B0,0.0000,2058,84.7,1,1800,1580,8
1774006723.948,408.331,B0,0.0000,2058,84.7,1,1800,1531,8
1774006724.948,409.331,B0,0.0000,2058,84.7,1,1800,1629,8
1774006725.948,410.331,B0,0.0000,2058,83.8,1,1800,1629,8
1774006726.948,411.332,B0,0.0000,2058,83.8,1,1800,1629,8
1774006727.948,412.332,B0,0.0000,2058,83.8,1,1800,1677,8
1774006728.952,413.336,B0,0.0000,2058,83.8,1,1800,1580,8
1774006729.952,414.336,B0,0.0000,2058,84.7,1,1800,1531,8
1774006730.956,415.340,B0,0.0000,2058,83.8,1,1800,1629,8
1774006731.960,416.344,B0,0.0000,2058,83.3,1,1800,1726,8
1774006732.960,417.344,B0,0.0000,2058,83.8,1,1800,1580,8
1774006733.961,418.344,B0,0.0000,2058,83.8,1,1800,1629,8
1774006734.961,419.344,B0,0.0000,2058,83.8,1,1800,1629,8
1774006735.961,420.344,B0,0.0000,2058,83.8,1,1800,1531,8
1774006736.964,421.348,B0,0.0000,2058,83.8,1,1800,600,8
1774006737.964,422.348,B0,154.2628,2208,83.3,1,1800,1531,8
1774006738.965,423.348,B0,0.0000,2208,84.2,1,1800,1580,8
1774006739.968,424.352,B0,0.0000,2208,84.2,1,1800,1580,8
1774006740.972,425.356,B0,0.0000,2208,83.8,1,1800,1726,8
1774006741.972,426.356,B0,0.0000,2208,82.3,1,1800,600,6
1774006742.973,427.356,B0,0.0000,2208,83.3,1,1800,1580,8
1774006743.973,428.356,B0,0.0000,2208,83.8,1,1800,1629,8
1774006744.973,429.356,B0,0.0000,2208,83.3,1,1800,1629,8
1774006745.976,430.360,B0,0.0000,2208,83.3,1,1800,1726,8
1774006746.976,431.360,B0,0.0000,2208,84.7,1,1800,1531,8
1774006747.977,432.360,B0,0.0000,2208,82.8,1,1800,1629,8
1774006748.977,433.360,B0,0.0000,2208,84.2,1,1800,1677,8
1774006749.980,434.364,B0,0.0000,2208,84.2,1,1800,1580,8
1774006750.980,435.364,B0,0.0000,2208,83.8,1,1800,1580,8
1774006751.981,436.364,B0,0.0000,2208,83.8,1,1800,1531,8
1774006752.984,437.368,B0,0.0000,2208,85.2,1,1800,1629,8
1774006753.984,438.368,B0,0.0000,2208,83.3,1,1800,1677,8
1774006754.985,439.368,B0,91.0642,2297,84.2,1,1800,1531,8
1774006755.985,440.368,B0,0.0000,2297,83.3,1,1800,1726,8
1774006756.985,441.368,B0,0.0000,2297,84.2,1,1800,1629,8
1774006757.985,442.368,B0,0.0000,2297,84.7,1,1800,1531,8
1774006758.985,443.369,B0,0.0000,2297,83.8,1,1800,1629,8
1774006759.985,444.369,B0,0.0000,2297,84.7,1,1800,1677,8
1774006760.985,445.369,B0,0.0000,2297,84.2,1,1800,1629,8
1774006761.988,446.372,B0,0.0000,2297,84.7,1,1800,1677,8
1774006762.992,447.376,B0,0.0000,2297,84.2,1,1800,1629,8
1774006763.992,448.376,B0,0.0000,2297,84.2,1,1800,1580,8
1774006764.993,449.376,B0,0.0000,2297,83.8,1,1800,1580,8
1774006765.993,450.376,B0,0.0000,2297,85.2,1,1800,1629,8
1774006766.993,451.376,B0,0.0000,2297,82.3,1,1800,1775,8
1774006767.993,452.376,B0,0.0000,2297,84.2,1,1800,1580,8
1774006768.996,453.380,B0,0.0000,2297,84.2,1,1800,1580,8
1774006769.996,454.380,B0,0.0000,2297,83.3,1,1800,1580,8
1774006770.997,455.380,B0,0.0000,2297,84.2,1,1800,1580,8
1774006771.997,456.380,B0,0.0000,2297,83.8,1,1800,1677,8
1774006772.997,457.380,B0,0.0000,2297,82.8,1,1800,1580,8
1774006773.997,458.380,B0,0.0000,2297,84.7,1,1800,1580,8
1774006775.000,459.384,B0,0.0000,2297,84.2,1,1800,1677,8
1774006776.000,460.384,B0,0.0000,2297,84.7,1,1800,1677,8
1774006777.001,461.384,B0,0.0000,2297,82.8,1,1800,1580,8
1774006778.001,462.384,B0,0.0000,2297,84.2,1,1800,1580,8
1774006779.001,463.384,B0,0.0000,2297,83.8,1,1800,1531,8
1774006780.001,464.384,B0,0.0000,2297,83.8,1,1800,1580,8
1774006781.004,465.387,B0,0.0000,2297,84.2,1,1800,1580,8
1774006782.004,466.387,B0,0.0000,2297,83.8,1,1800,1531,8
1774006783.004,467.387,B0,0.0000,2297,83.8,1,1800,1629,8
1774006784.004,468.388,B0,0.0000,2297,83.8,1,1800,1629,8
1774006785.004,469.388,B0,147.1544,2447,84.2,1,1800,1629,8
1774006786.005,470.388,B0,0.0000,2447,85.2,1,1800,1580,8
1774006787.005,471.388,B0,0.0000,2447,83.3,1,1800,1580,8
1774006788.005,472.388,B0,0.0000,2447,84.7,1,1800,1726,8
1774006789.008,473.392,B0,0.0000,2447,83.3,1,1800,1580,8
1774006790.008,474.392,B0,0.0000,2447,84.2,1,1800,1580,8
1774006791.009,475.392,B0,0.0000,2447,85.2,1,1800,600,6
1774006792.012,476.396,B0,0.0000,2447,82.8,1,1800,1580,8
1774006793.012,477.396,B0,0.0000,2447,83.8,1,1800,1629,8
1774006794.013,478.396,B0,0.0000,2447,84.2,1,1800,1580,8
1774006795.013,479.396,B0,0.0000,2447,83.8,1,1800,1629,8
1774006796.013,480.396,B0,0.0000,2447,82.8,1,1800,600,6
1774006797.013,481.396,B0,0.0000,2447,84.2,1,1800,1580,8
1774006798.016,482.400,B0,0.0000,2447,84.7,1,1800,1580,8
1774006799.016,483.400,B0,0.0000,2447,85.2,1,1800,1531,8
1774006800.017,484.400,B0,0.0000,2447,83.3,1,1800,1580,8
1774006801.020,485.404,B0,0.0000,2447,83.8,1,1800,1677,8
1774006802.020,486.404,B0,0.0000,2447,83.8,1,1800,1677,8
1774006803.024,487.408,B0,0.0000,2447,83.8,1,1800,1580,8
1774006804.024,488.408,B0,0.0000,2447,84.7,1,1800,1629,8
1774006805.028,489.412,B0,0.0000,2447,83.8,1,1800,600,6
1774006806.028,490.412,B0,0.0000,2447,83.8,1,1800,1580,8
1774006807.032,491.416,B0,0.0000,2447,82.8,1,1800,1580,8
1774006808.036,492.420,B0,0.0000,2447,83.8,1,1800,1531,8
1774006809.040,493.424,B0,0.0000,2447,84.2,1,1800,1580,8
1774006810.044,494.428,B0,0.0000,2447,83.8,1,1800,1580,8
1774006811.044,495.428,B0,0.0000,2447,83.3,1,1800,600,6
1774006812.045,496.428,B0,0.0000,2447,83.8,1,1800,1677,8
1774006813.045,497.428,B0,0.0000,2447,84.7,1,1800,1531,8
1774006814.048,498.432,B0,145.4915,2597,84.2,1,1800,1629,8
1774006815.048,499.432,B0,0.0000,2597,84.7,1,1800,1629,8
1774006816.052,500.436,B0,0.0000,2597,84.2,1,1800,1531,8
1774006817.052,501.436,B0,0.0000,2597,84.7,1,1800,1531,8
1774006818.056,502.440,B0,0.0000,2597,84.7,1,1800,1580,8
1774006819.056,503.440,B0,0.0000,2597,85.2,1,1800,1629,8
1774006820.057,504.440,B0,0.0000,2597,84.2,1,1800,1677,8
1774006821.057,505.440,B0,0.0000,2597,84.7,1,1800,1629,8
1774006822.060,506.444,B0,0.0000,2597,84.2,1,1800,1677,8
1774006823.060,507.444,B0,0.0000,2597,83.8,1,1800,1726,8
1774006824.061,508.444,B0,0.0000,2597,82.8,1,1800,1580,8
1774006825.061,509.444,B0,0.0000,2597,84.2,1,1800,1580,8
1774006826.061,510.444,B0,0.0000,2597,84.7,1,1800,1580,8
1774006827.061,511.444,B0,0.0000,2597,84.2,1,1800,1580,8
1774006828.061,512.445,B0,0.0000,2597,83.3,1,1800,1629,8
1774006829.064,513.448,B0,0.0000,2597,83.8,1,1800,1580,8
1774006830.064,514.448,B0,0.0000,2597,85.2,1,1800,1580,8
1774006831.065,515.448,B0,0.0000,2597,85.2,1,1800,600,6
1774006832.065,516.448,B0,0.0000,2597,83.8,1,1800,1629,8
1774006833.065,517.448,B0,0.0000,2597,83.8,1,1800,600,6
1774006834.065,518.449,B0,0.0000,2597,85.2,1,1800,1580,8
1774006835.068,519.452,B0,0.0000,2597,84.2,1,1800,1580,8
1774006836.068,520.452,B0,0.0000,2597,84.2,1,1800,1629,8
1774006837.072,521.455,B0,0.0000,2597,83.3,1,1800,1677,8
1774006838.072,522.456,B0,0.0000,2597,83.8,1,1800,1629,8
1774006839.076,523.460,B0,0.0000,2597,83.8,1,1800,1629,8
1774006840.076,524.460,B0,0.0000,2597,83.8,1,1800,1629,8
1774006841.077,525.460,B0,0.0000,2597,84.2,1,1800,1629,8
1774006842.077,526.460,B0,0.0000,2597,84.7,1,1800,1531,8
1774006843.080,527.464,B0,0.0000,2597,84.2,1,1800,1677,8
1774006844.080,528.464,B0,152.3092,2747,83.8,1,1800,1531,8
1774006845.081,529.464,B0,0.0000,2747,83.8,1,1800,1580,8
1774006846.081,530.464,B0,0.0000,2747,83.8,1,1800,1677,8
1774006847.082,531.465,B0,0.0000,2747,84.2,1,1800,1629,8
1774006848.082,532.465,B0,0.0000,2747,83.8,1,1800,1629,8
1774006849.084,533.468,B0,0.0000,2747,83.3,1,1800,1677,8
1774006850.084,534.468,B0,0.0000,2747,83.8,1,1800,1677,8
1774006851.088,535.472,B0,0.0000,2747,84.7,1,1800,1531,8
1774006852.092,536.476,B0,0.0000,2747,84.7,1,1800,1531,8
1774006853.092,537.476,B0,0.0000,2747,83.3,1,1800,1531,8
1774006854.093,538.476,B0,0.0000,2747,83.8,1,1800,1629,8
1774006855.093,539.476,B0,0.0000,2747,84.2,1,1800,1580,8
1774006856.093,540.476,B0,0.0000,2747,84.7,1,1800,600,8
1774006857.093,541.476,B0,0.0000,2747,84.2,1,1800,1629,8
1774006858.093,542.477,B0,0.0000,2747,85.2,1,1800,1580,8
1774006859.093,543.477,B0,0.0000,2747,83.8,1,1800,1580,8
1774006860.094,544.477,B0,0.0000,2747,84.7,1,1800,1629,8
1774006861.094,545.477,B0,0.0000,2747,85.7,1,1800,1629,8
1774006862.094,546.477,B0,0.0000,2747,83.8,1,1800,1580,8
1774006863.094,547.478,B0,0.0000,2747,83.8,1,1800,1677,8
1774006864.096,548.480,B0,0.0000,2747,83.8,1,1800,1580,8
1774006865.096,549.480,B0,0.0000,2747,83.8,1,1800,1726,8
1774006866.097,550.480,B0,0.0000,2747,84.2,1,1800,1677,8
1774006867.100,551.484,B0,0.0000,2747,82.8,1,1800,1531,8
1774006868.100,552.484,B0,0.0000,2747,85.2,1,1800,1677,8
1774006869.104,553.488,B0,0.0000,2747,84.2,1,1800,1677,8
1774006870.104,554.488,B0,0.0000,2747,84.2,1,1800,1580,8
1774006871.108,555.492,B0,0.0000,2747,83.8,1,1800,1531,8
1774006872.108,556.492,B0,0.0000,2747,83.8,1,1800,1531,8
1774006873.112,557.496,B0,152.9393,2897,85.2,1,1800,1531,8
1774006874.116,558.500,B0,0.0000,2897,85.2,1,1800,1677,8
1774006875.120,559.504,B0,0.0000,2897,84.2,1,1800,1580,8
1774006876.120,560.504,B0,0.0000,2897,84.7,1,1800,1531,8
1774006877.124,561.508,B0,0.0000,2897,83.8,1,1800,1629,8
1774006878.124,562.508,B0,0.0000,2897,84.7,1,1800,1531,8
1774006879.125,563.508,B0,0.0000,2897,84.7,1,1800,1580,8
1774006880.128,564.512,B0,0.0000,2897,84.7,1,1800,1629,8
1774006881.128,565.512,B0,0.0000,2897,83.8,1,1800,600,6
1774006882.129,566.512,B0,0.0000,2897,84.2,1,1800,600,6
1774006883.130,567.513,B0,0.0000,2897,85.7,1,1800,1580,6
1774006884.130,568.514,B0,0.0000,2897,84.2,1,1800,1629,8
1774006885.130,569.514,B0,0.0000,2897,84.7,1,1800,1580,8
1774006886.131,570.514,B0,0.0000,2897,83.8,1,1800,1580,8
1774006887.131,571.514,B0,0.0000,2897,83.3,1,1800,1629,8
1774006888.131,572.514,B0,0.0000,2897,83.3,1,1800,600,6
1774006889.131,573.514,B0,0.0000,2897,83.8,1,1800,1531,8
1774006890.131,574.515,B0,0.0000,2897,84.2,1,1800,1531,8
1774006891.132,575.515,B0,0.0000,2897,84.2,1,1800,1580,6
1774006892.132,576.515,B0,0.0000,2897,84.2,1,1800,1531,8
1774006893.132,577.515,B0,0.0000,2897,84.2,1,1800,1629,8
1774006894.132,578.515,B0,0.0000,2897,84.7,1,1800,600,6
1774006895.132,579.516,B0,0.0000,2897,84.2,1,1800,1677,8
1774006896.132,580.516,B0,0.0000,2897,83.8,1,1800,1580,8
1774006897.136,581.520,B0,0.0000,2897,84.7,1,1800,1531,8
1774006898.136,582.520,B0,0.0000,2897,84.2,1,1800,1580,8
1774006899.140,583.524,B0,0.0000,2897,84.7,1,1800,1580,8
1774006900.140,584.524,B0,0.0000,2897,84.7,1,1800,1629,8
1774006901.141,585.524,B0,0.0000,2897,84.2,1,1800,1580,8
1774006902.141,586.524,B0,0.0000,2897,84.2,1,1800,1580,8
1774006903.141,587.524,B0,143.6873,3047,84.2,1,1800,1580,8
1774006904.144,588.528,B0,0.0000,3047,84.2,1,1800,1580,8
1774006905.144,589.528,B0,0.0000,3047,83.8,1,1800,1531,8
1774006906.145,590.528,B0,0.0000,3047,85.2,1,1800,1531,8
1774006907.145,591.528,B0,0.0000,3047,84.7,1,1800,1531,8
1774006908.145,592.528,B0,0.0000,3047,84.7,1,1800,1629,8
1774006909.148,593.532,B0,0.0000,3047,83.3,1,1800,1580,8
1774006910.152,594.536,B0,0.0000,3047,84.7,1,1800,1629,8
1774006911.152,595.536,B0,0.0000,3047,83.3,1,1800,1580,8
1774006912.153,596.536,B0,0.0000,3047,83.3,1,1800,600,6
1774006913.156,597.540,B0,0.0000,3047,85.2,1,1800,1677,8
1774006914.156,598.540,B0,0.0000,3047,83.3,1,1800,1677,8
1774006915.157,599.540,B0,0.0000,3047,85.7,1,1800,600,6
1774006916.157,600.540,B0,0.0000,3047,83.8,1,1800,1629,8
1774006917.157,601.540,B0,0.0000,3047,84.7,1,1800,1580,8
1774006918.157,602.540,B0,0.0000,3047,84.7,1,1800,1629,8
1774006919.157,603.541,B0,0.0000,3047,84.7,1,1800,1580,8
1774006920.160,604.543,B0,0.0000,3047,84.7,1,1800,1531,8
1774006921.160,605.544,B0,0.0000,3047,84.2,1,1800,1580,8
1774006922.160,606.544,B0,0.0000,3047,85.2,1,1800,1629,8
1774006923.161,607.544,B0,0.0000,3047,83.3,1,1800,1677,8
1774006924.164,608.548,B0,0.0000,3047,84.2,1,1800,1531,6
1774006925.164,609.548,B0,0.0000,3047,82.8,1,1800,1580,8
1774006926.165,610.548,B0,0.0000,3047,84.2,1,1800,1629,8
1774006927.165,611.548,B0,0.0000,3047,84.2,1,1800,1531,8
1774006928.165,612.548,B0,0.0000,3047,84.2,1,1800,1726,8
1774006929.168,613.552,B0,0.0000,3047,82.8,1,1800,1726,8
1774006930.168,614.552,B0,0.0000,3047,84.7,1,1800,1677,8
1774006931.169,615.552,B0,0.0000,3047,83.8,1,1800,1531,8
1774006932.169,616.552,B0,0.0000,3047,84.2,1,1800,1531,8
1774006933.169,617.552,B0,146.5420,3197,84.2,1,1800,1531,8
1774006934.169,618.552,B0,0.0000,3197,85.2,1,1800,1580,6
1774006935.172,619.556,B0,0.0000,3197,83.8,1,1800,1629,8
1774006936.172,620.556,B0,0.0000,3197,84.2,1,1800,1726,8
1774006937.176,621.560,B0,0.0000,3197,84.2,1,1800,1531,8
1774006938.180,622.564,B0,0.0000,3197,83.8,1,1800,1677,8
1774006939.180,623.564,B0,0.0000,3197,84.2,1,1800,1580,8
1774006940.181,624.564,B0,0.0000,3197,84.2,1,1800,1531,8
1774006941.181,625.564,B0,0.0000,3197,84.2,1,1800,1580,8
1774006942.184,626.568,B0,0.0000,3197,84.2,1,1800,1580,8
1774006943.185,627.568,B0,0.0000,3197,83.8,1,1800,1580,8
1774006944.185,628.568,B0,0.0000,3197,85.2,1,1800,1629,8
1774006945.185,629.568,B0,0.0000,3197,83.8,1,1800,1629,8
1774006946.185,630.568,B0,0.0000,3197,84.7,1,1800,1531,8
1774006947.185,631.569,B0,0.0000,3197,85.2,1,1800,1531,8
1774006948.188,632.572,B0,0.0000,3197,83.8,1,1800,1531,8
1774006949.188,633.572,B0,0.0000,3197,84.2,1,1800,1629,8
1774006950.189,634.572,B0,0.0000,3197,85.2,1,1800,1580,8
1774006951.189,635.572,B0,0.0000,3197,84.2,1,1800,1531,8
1774006952.192,636.576,B0,0.0000,3197,84.2,1,1800,1580,8
1774006953.192,637.576,B0,0.0000,3197,83.3,1,1800,1531,8
1774006954.193,638.576,B0,0.0000,3197,85.2,1,1800,1580,8
1774006955.196,639.580,B0,0.0000,3197,83.8,1,1800,1677,8
1774006956.196,640.580,B0,0.0000,3197,84.2,1,1800,1629,8
1774006957.197,641.580,B0,0.0000,3197,83.3,1,1800,1677,8
1774006958.197,642.580,B0,0.0000,3197,83.3,1,1800,1629,8
1774006959.197,643.580,B0,0.0000,3197,83.8,1,1800,1531,8
1774006960.197,644.580,B0,0.0000,3197,84.7,1,1800,600,6
1774006961.197,645.581,B0,0.0000,3197,84.2,1,1800,600,6
1774006962.200,646.584,B0,0.0000,3197,84.7,1,1800,1629,8
1774006963.200,647.584,B0,164.7592,3347,83.3,1,1800,1580,8
1774006964.204,648.588,B0,0.0000,3347,84.7,1,1800,1580,8
1774006965.208,649.592,B0,0.0000,3347,84.7,1,1800,1531,8
1774006966.208,650.592,B0,0.0000,3347,84.2,1,1800,1629,8
1774006967.209,651.592,B0,0.0000,3347,83.8,1,1800,1580,8
1774006968.209,652.592,B0,0.0000,3347,84.2,1,1800,1531,8
1774006969.209,653.592,B0,0.0000,3347,84.7,1,1800,1531,8
1774006970.212,654.596,B0,0.0000,3347,84.2,1,1800,1531,8
1774006971.212,655.596,B0,0.0000,3347,84.2,1,1800,1580,8
1774006972.216,656.600,B0,0.0000,3347,85.2,1,1800,1531,8
1774006973.220,657.604,B0,0.0000,3347,84.2,1,1800,600,6
1774006974.220,658.604,B0,0.0000,3347,85.2,1,1800,1580,8
1774006975.221,659.604,B0,0.0000,3347,83.8,1,1800,1629,8
1774006976.224,660.608,B0,0.0000,3347,84.2,1,1800,1531,8
1774006977.228,661.612,B0,0.0000,3347,83.3,1,1800,1629,8
1774006978.228,662.612,B0,0.0000,3347,84.7,1,1800,1629,8
1774006979.229,663.612,B0,0.0000,3347,84.2,1,1800,1629,8
1774006980.229,664.612,B0,0.0000,3347,84.2,1,1800,1677,8
1774006981.229,665.612,B0,0.0000,3347,83.8,1,1800,1629,8
1774006982.232,666.616,B0,0.0000,3347,84.2,1,1800,1580,8
1774006983.232,667.616,B0,0.0000,3347,83.8,1,1800,1629,8
1774006984.233,668.616,B0,0.0000,3347,85.2,1,1800,1580,8
1774006985.233,669.616,B0,0.0000,3347,84.2,1,1800,1580,8
1774006986.236,670.620,B0,0.0000,3347,83.3,1,1800,1580,8
1774006987.236,671.620,B0,0.0000,3347,85.7,1,1800,1531,6
1774006988.240,672.624,B0,0.0000,3347,84.2,1,1800,1677,8
1774006989.240,673.624,B0,0.0000,3347,84.2,1,1800,1580,8
1774006990.241,674.624,B0,0.0000,3347,83.8,1,1800,1531,8
1774006991.241,675.624,B0,0.0000,3347,84.2,1,1800,1580,8
1774006992.244,676.628,B0,0.0000,3347,84.2,1,1800,1531,8
1774006993.244,677.628,B0,145.1568,3497,84.7,1,1800,1580,8
1774006994.245,678.628,B0,0.0000,3497,84.2,1,1800,1580,8
1774006995.245,679.628,B0,0.0000,3497,84.2,1,1800,1629,8
1774006996.245,680.628,B0,0.0000,3497,84.7,1,1800,1580,8
1774006997.245,681.628,B0,0.0000,3497,84.7,1,1800,1580,8
1774006998.245,682.629,B0,0.0000,3497,84.2,1,1800,1677,8
1774006999.248,683.632,B0,0.0000,3497,84.2,1,1800,1580,8
1774007000.248,684.632,B0,0.0000,3497,84.2,1,1800,1629,8
1774007001.252,685.636,B0,0.0000,3497,84.7,1,1800,1580,8
1774007002.256,686.640,B0,0.0000,3497,84.2,1,1800,1580,8
1774007003.256,687.640,B0,0.0000,3497,84.7,1,1800,1580,8
1774007004.257,688.640,B0,0.0000,3497,83.8,1,1800,600,6
1774007005.257,689.640,B0,0.0000,3497,84.2,1,1800,1580,8
1774007006.257,690.640,B0,0.0000,3497,84.2,1,1800,600,6
1774007007.257,691.640,B0,0.0000,3497,83.8,1,1800,600,6
1774007008.257,692.640,B0,0.0000,3497,84.7,1,1800,1531,8
1774007009.257,693.641,B0,0.0000,3497,83.3,1,1800,1629,8
1774007010.260,694.644,B0,0.0000,3497,84.2,1,1800,1580,8
1774007011.260,695.644,B0,0.0000,3497,85.2,1,1800,1629,8
1774007012.261,696.644,B0,0.0000,3497,84.7,1,1800,1580,8
1774007013.261,697.644,B0,0.0000,3497,84.7,1,1800,1531,8
1774007014.261,698.645,B0,0.0000,3497,82.8,1,1800,1726,8
1774007015.261,699.645,B0,0.0000,3497,84.7,1,1800,1580,8
1774007016.262,700.645,B0,0.0000,3497,84.2,1,1800,1531,8
1774007017.262,701.645,B0,0.0000,3497,84.2,1,1800,1580,8
1774007018.262,702.645,B0,0.0000,3497,83.8,1,1800,1580,8
1774007019.262,703.645,B0,0.0000,3497,85.2,1,1800,600,6
1774007020.262,704.646,B0,0.0000,3497,84.7,1,1800,1531,8
1774007021.262,705.646,B0,0.0000,3497,83.8,1,1800,1629,8
1774007022.263,706.646,B0,0.0000,3497,83.8,1,1800,1580,8
1774007023.263,707.646,B0,148.4360,3647,84.2,1,1800,1531,8
1774007024.263,708.646,B0,0.9731,3648,84.2,1,1800,1629,8
1774007025.263,709.647,B0,0.0000,3648,83.8,1,1800,1580,8
1774007026.263,710.647,B0,0.0000,3648,83.8,1,1800,1531,8
1774007027.264,711.647,B0,0.0000,3648,84.7,1,1800,1531,8
1774007028.264,712.647,B0,0.0000,3648,83.3,1,1800,1726,8
1774007029.264,713.647,B0,0.0000,3648,84.2,1,1800,1677,8
1774007030.264,714.647,B0,0.0000,3648,85.2,1,1800,1531,8
1774007031.264,715.648,B0,0.0000,3648,84.2,1,1800,1629,8
1774007032.264,716.648,B0,0.0000,3648,83.8,1,1800,1629,8
1774007033.268,717.652,B0,0.0000,3648,84.2,1,1800,1580,8
1774007034.268,718.652,B0,0.0000,3648,83.8,1,1800,1629,8
1774007035.269,719.652,B0,0.0000,3648,83.8,1,1800,1580,8
1774007036.269,720.652,B0,0.0000,3648,84.2,1,1800,1531,8
1774007037.269,721.652,B0,0.0000,3648,83.8,1,1800,600,8
1774007038.272,722.656,B0,0.0000,3648,84.2,1,1800,1629,8
1774007039.276,723.660,B0,0.0000,3648,84.2,1,1800,1531,8
1774007040.276,724.660,B0,0.0000,3648,83.8,1,1800,1629,8
1774007041.280,725.664,B0,0.0000,3648,85.7,1,1800,1580,8
1774007042.280,726.664,B0,0.0000,3648,84.7,1,1800,1580,8
1774007043.283,727.666,B0,0.0000,3648,84.2,1,1800,1531,8
1774007044.283,728.667,B0,0.0000,3648,83.8,1,1800,1629,8
1774007045.283,729.667,B0,0.0000,3648,83.8,1,1800,1580,8
1774007046.284,730.667,B0,0.0000,3648,84.2,1,1800,1531,8
1774007047.284,731.667,B0,0.0000,3648,84.7,1,1800,1531,8
1774007048.284,732.667,B0,0.0000,3648,83.8,1,1800,1531,8
1774007049.284,733.667,B0,0.0000,3648,84.2,1,1800,1580,8
1774007050.284,734.668,B0,0.0000,3648,85.2,1,1800,1531,8
1774007051.284,735.668,B0,0.0000,3648,84.7,1,1800,600,6
1774007052.285,736.668,B0,0.0000,3648,84.2,1,1800,1629,8
1774007053.285,737.668,B0,0.0000,3648,84.2,1,1800,1629,8
1774007054.285,738.668,B0,173.5300,3798,83.8,1,1800,600,8
1774007055.288,739.672,B0,0.0000,3798,84.7,1,1800,1580,8
1774007056.292,740.676,B0,0.0000,3798,83.8,1,1800,1726,8
1774007057.296,741.680,B0,0.0000,3798,83.8,1,1800,1580,8
1774007058.300,742.684,B0,0.0000,3798,84.7,1,1800,1531,8
1774007059.304,743.688,B0,0.0000,3798,84.2,1,1800,600,6
1774007060.304,744.688,B0,0.0000,3798,83.3,1,1800,1531,8
1774007061.305,745.688,B0,0.0000,3798,84.2,1,1800,1531,8
1774007062.305,746.688,B0,0.0000,3798,84.2,1,1800,1531,8
1774007063.308,747.692,B0,0.0000,3798,85.2,1,1800,1580,8
1774007064.308,748.692,B0,0.0000,3798,84.2,1,1800,1580,8
1774007065.309,749.692,B0,0.0000,3798,84.7,1,1800,1531,8
1774007066.309,750.692,B0,0.0000,3798,85.2,1,1800,1580,8
1774007067.309,751.692,B0,0.0000,3798,84.7,1,1800,1531,8
1774007068.309,752.692,B0,0.0000,3798,85.2,1,1800,600,6
1774007069.309,753.693,B0,0.0000,3798,84.2,1,1800,1580,8
1774007070.312,754.696,B0,0.0000,3798,85.2,1,1800,1531,8
1774007071.312,755.696,B0,0.0000,3798,83.8,1,1800,1531,8
1774007072.313,756.696,B0,0.0000,3798,83.8,1,1800,1531,8
1774007073.313,757.696,B0,0.0000,3798,84.7,1,1800,1531,8
1774007074.316,758.700,B0,0.0000,3798,85.2,1,1800,1531,8
1774007075.320,759.704,B0,0.0000,3798,83.3,1,1800,1531,8
1774007076.320,760.704,B0,0.0000,3798,84.2,1,1800,1629,8
1774007077.321,761.704,B0,0.0000,3798,84.2,1,1800,1580,8
1774007078.321,762.704,B0,0.0000,3798,85.2,1,1800,1531,8
1774007079.321,763.704,B0,0.0000,3798,85.2,1,1800,600,6
1774007080.321,764.705,B0,0.0000,3798,85.2,1,1800,1629,8
1774007081.321,765.705,B0,0.0000,3798,83.8,1,1800,1629,8
1774007082.324,766.708,B0,0.0000,3798,84.7,1,1800,1531,8
1774007083.324,767.708,B0,0.0000,3798,84.7,1,1800,1531,8
1774007084.325,768.708,B0,145.9281,3948,84.2,1,1800,1580,8
1774007085.328,769.712,B0,0.0000,3948,84.2,1,1800,1580,8
1774007086.328,770.712,B0,0.0000,3948,84.7,1,1800,1580,8
1774007087.329,771.712,B0,0.0000,3948,83.8,1,1800,1580,8
1774007088.329,772.712,B0,0.0000,3948,84.7,1,1800,1580,8
1774007089.329,773.712,B0,0.0000,3948,83.8,1,1800,1580,8
1774007090.329,774.712,B0,0.0000,3948,83.8,1,1800,600,6
1774007091.332,775.716,B0,0.0000,3948,84.7,1,1800,1531,8
1774007092.336,776.720,B0,0.0000,3948,83.8,1,1800,1677,8
1774007093.336,777.720,B0,0.0000,3948,83.3,1,1800,1580,8
1774007094.337,778.720,B0,0.0000,3948,83.8,1,1800,1629,8
1774007095.340,779.724,B0,0.0000,3948,83.8,1,1800,1629,8
1774007096.340,780.724,B0,0.0000,3948,84.2,1,1800,1580,8
1774007097.344,781.728,B0,0.0000,3948,84.2,1,1800,1726,8
1774007098.344,782.728,B0,0.0000,3948,84.2,1,1800,600,6
1774007099.345,783.728,B0,0.0000,3948,84.7,1,1800,1531,8
1774007100.345,784.728,B0,0.0000,3948,85.2,1,1800,1580,8
1774007101.345,785.728,B0,0.0000,3948,84.2,1,1800,1580,8
1774007102.345,786.728,B0,0.0000,3948,85.7,1,1800,1531,8
1774007103.348,787.732,B0,0.0000,3948,83.8,1,1800,1531,8
1774007104.348,788.732,B0,0.0000,3948,84.7,1,1800,1629,8
1774007105.349,789.732,B0,0.0000,3948,83.3,1,1800,1580,8
1774007106.351,790.735,B0,0.0000,3948,84.2,1,1800,1580,8
1774007107.352,791.735,B0,0.0000,3948,84.2,1,1800,1580,8
1774007108.352,792.735,B0,0.0000,3948,84.7,1,1800,1580,8
1774007109.352,793.735,B0,0.0000,3948,84.2,1,1800,600,6
1774007110.352,794.735,B0,0.0000,3948,83.8,1,1800,1531,8
1774007111.352,795.736,B0,0.0000,3948,85.2,1,1800,1580,8
1774007112.352,796.736,B0,0.0000,3948,84.2,1,1800,1580,8
1774007113.353,797.736,B0,0.0000,3948,83.3,1,1800,1677,8
1774007114.356,798.740,B0,0.0000,3948,84.7,1,1800,1629,8
1774007115.360,799.744,B0,141.3915,4098,83.8,1,1800,1629,8
1774007116.360,800.744,B0,0.0000,4098,84.7,1,1800,600,6
1774007117.364,801.748,B0,0.0000,4098,84.2,1,1800,1629,8
1774007118.364,802.748,B0,0.0000,4098,84.7,1,1800,1629,8
1774007119.365,803.748,B0,0.0000,4098,83.8,1,1800,1531,8
1774007120.368,804.752,B0,0.0000,4098,83.8,1,1800,1531,8
1774007121.372,805.756,B0,0.0000,4098,84.7,1,1800,1580,8
1774007122.376,806.760,B0,0.0000,4098,84.2,1,1800,1629,8
1774007123.380,807.764,B0,0.0000,4098,84.7,1,1800,600,6
1774007124.380,808.764,B0,0.0000,4098,84.7,1,1800,1531,8
1774007125.384,809.768,B0,0.0000,4098,85.2,1,1800,1629,8
1774007126.388,810.772,B0,0.0000,4098,84.7,1,1800,1580,8
1774007127.389,811.772,B0,0.0000,4098,83.8,1,1800,1580,8
1774007128.389,812.772,B0,0.0000,4098,84.7,1,1800,1580,8
1774007129.389,813.772,B0,0.0000,4098,84.2,1,1800,1677,8
1774007130.389,814.772,B0,0.0000,4098,84.2,1,1800,1531,8
1774007131.392,815.776,B0,0.0000,4098,83.8,1,1800,1580,8
1774007132.393,816.777,B0,0.0000,4098,84.2,1,1800,1531,8
1774007133.396,817.780,B0,0.0000,4098,84.2,1,1800,1580,8
1774007134.400,818.784,B0,0.0000,4098,84.2,1,1800,1531,8
1774007135.404,819.788,B0,0.0000,4098,84.7,1,1800,1580,8
1774007136.404,820.788,B0,100.4943,4204,84.7,1,1800,1531,8
1774007137.405,821.788,B0,0.0000,4204,84.7,1,1800,1677,8
1774007138.405,822.788,B0,0.0000,4204,84.7,1,1800,1531,8
1774007139.408,823.792,B0,0.0000,4204,84.2,1,1800,1531,8
1774007140.408,824.792,B0,0.0000,4204,82.8,1,1800,1629,8
1774007141.409,825.792,B0,0.0000,4204,84.7,1,1800,1531,8
1774007142.409,826.792,B0,0.0000,4204,83.8,1,1800,1580,8
1774007143.412,827.796,B0,0.0000,4204,84.2,1,1800,600,6
1774007144.412,828.796,B0,0.0000,4204,84.2,1,1800,1580,8
1774007145.413,829.796,B0,0.0000,4204,84.2,1,1800,1531,8
1774007146.413,830.796,B0,0.0000,4204,84.7,1,1800,1531,8
1774007147.413,831.796,B0,0.0000,4204,84.7,1,1800,1531,8
1774007148.413,832.796,B0,0.0000,4204,84.2,1,1800,1580,8
1774007149.416,833.800,B0,0.0000,4204,84.7,1,1800,1531,8
1774007150.420,834.804,B0,0.0000,4204,85.2,1,1800,1531,8
1774007151.420,835.804,B0,0.0000,4204,84.7,1,1800,1531,8
1774007152.421,836.804,B0,0.0000,4204,84.7,1,1800,1531,8
1774007153.421,837.804,B0,0.0000,4204,84.2,1,1800,1629,8
1774007154.421,838.804,B0,0.0000,4204,84.2,1,1800,1531,8
1774007155.421,839.804,B0,0.0000,4204,85.2,1,1800,600,6
1774007156.421,840.805,B0,0.0000,4204,84.7,1,1800,600,6
1774007157.421,841.805,B0,0.0000,4204,84.7,1,1800,1629,8
1774007158.424,842.808,B0,0.0000,4204,85.2,1,1800,1580,8
1774007159.424,843.808,B0,0.0000,4204,84.2,1,1800,1580,8
1774007160.428,844.812,B0,0.0000,4204,83.8,1,1800,1629,8
1774007161.432,845.816,B0,0.0000,4204,84.7,1,1800,1531,8
1774007162.432,846.816,B0,0.0000,4204,83.8,1,1800,1531,8
1774007163.436,847.820,B0,0.0000,4204,84.2,1,1800,1580,8
1774007164.436,848.820,B0,0.0000,4204,84.7,1,1800,1580,8
1774007165.437,849.820,B0,0.0000,4204,84.2,1,1800,1629,8
1774007166.440,850.824,B0,0.0000,4204,85.2,1,1800,1580,8
1774007167.444,851.828,B0,139.8571,4354,83.8,1,1800,1629,8
1774007168.444,852.828,B0,0.0000,4354,85.2,1,1800,1629,8
1774007169.448,853.832,B0,0.0000,4354,85.2,1,1800,1629,8
1774007170.448,854.832,B0,0.0000,4354,83.8,1,1800,1629,8
1774007171.449,855.832,B0,0.0000,4354,85.7,1,1800,1531,8
1774007172.452,856.836,B0,0.0000,4354,84.7,1,1800,600,6
1774007173.456,857.840,B0,0.0000,4354,83.8,1,1800,1531,8
1774007174.460,858.844,B0,0.0000,4354,84.7,1,1800,1580,8
1774007175.464,859.848,B0,0.0000,4354,84.2,1,1800,1531,8
1774007176.464,860.848,B0,0.0000,4354,85.2,1,1800,1580,8
1774007177.465,861.848,B0,0.0000,4354,84.2,1,1800,1580,8
1774007178.468,862.852,B0,0.0000,4354,83.3,1,1800,1629,8
1774007179.468,863.852,B0,0.0000,4354,85.2,1,1800,600,6
1774007180.469,864.852,B0,0.0000,4354,84.7,1,1800,1531,8
1774007181.469,865.852,B0,0.0000,4354,84.7,1,1800,1677,8
1774007182.472,866.856,B0,0.0000,4354,83.8,1,1800,600,6
1774007183.473,867.856,B0,0.0000,4354,84.2,1,1800,1580,8
1774007184.476,868.860,B0,0.0000,4354,84.2,1,1800,1629,8
1774007185.476,869.860,B0,0.0000,4354,83.8,1,1800,1580,8
1774007186.477,870.860,B0,0.0000,4354,84.2,1,1800,600,6
1774007187.477,871.860,B0,0.0000,4354,83.3,1,1800,1531,8
1774007188.480,872.864,B0,0.0000,4354,84.2,1,1800,1580,8
1774007189.484,873.868,B0,0.0000,4354,84.7,1,1800,1531,8
1774007190.484,874.868,B0,0.0000,4354,83.8,1,1800,1629,8
1774007191.485,875.868,B0,0.0000,4354,84.2,1,1800,1531,8
1774007192.485,876.868,B0,0.0000,4354,84.7,1,1800,1531,8
1774007193.485,877.868,B0,0.0000,4354,84.7,1,1800,1629,8
1774007194.488,878.872,B0,0.0000,4354,83.3,1,1800,1677,8
1774007195.488,879.872,B0,0.0000,4354,84.2,1,1800,1531,8
1774007196.489,880.872,B0,0.0000,4354,84.7,1,1800,1580,8
1774007197.489,881.872,B0,142.9184,4504,84.7,1,1800,1677,8
1774007198.492,882.876,B0,0.0000,4504,86.2,1,1800,1677,8
1774007199.492,883.876,B0,0.0000,4504,85.2,1,1800,600,6
1774007200.496,884.880,B0,0.0000,4504,83.8,1,1800,1629,8
1774007201.500,885.884,B0,0.0000,4504,84.7,1,1800,1531,8
1774007202.500,886.884,B0,0.0000,4504,83.3,1,1800,1677,8
1774007203.501,887.884,B0,0.0000,4504,85.2,1,1800,1580,8
1774007204.501,888.884,B0,0.0000,4504,85.2,1,1800,1531,6
1774007205.501,889.884,B0,0.0000,4504,83.8,1,1800,1629,8
1774007206.504,890.888,B0,0.0000,4504,83.3,1,1800,1629,8
1774007207.504,891.888,B0,0.0000,4504,84.2,1,1800,1531,8
1774007208.505,892.888,B0,0.0000,4504,85.2,1,1800,1531,6
1774007209.505,893.888,B0,0.0000,4504,84.7,1,1800,1531,8
1774007210.505,894.888,B0,0.0000,4504,84.2,1,1800,1580,8
1774007211.505,895.888,B0,0.0000,4504,83.8,1,1800,600,8
1774007212.508,896.892,B0,0.0000,4504,85.7,1,1800,600,6
1774007213.512,897.896,B0,0.0000,4504,85.2,1,1800,600,6
1774007214.512,898.896,B0,0.0000,4504,83.8,1,1800,1629,8
1774007215.513,899.896,B0,0.0000,4504,85.2,1,1800,1580,8
1774007216.513,900.896,B0,0.0000,4504,83.8,1,1800,1629,8
1774007217.513,901.896,B0,0.0000,4504,84.7,1,1800,1531,8
1774007218.516,902.900,B0,0.0000,4504,83.8,1,1800,1629,8
1774007219.516,903.900,B0,0.0000,4504,84.2,1,1800,1531,8
1774007220.517,904.900,B0,0.0000,4504,84.7,1,1800,1629,8
1774007221.519,905.902,B0,0.0000,4504,83.8,1,1800,1531,8
1774007222.519,906.902,B0,0.0000,4504,84.7,1,1800,1580,8
1774007223.519,907.902,B0,0.0000,4504,84.7,1,1800,1580,8
1774007224.519,908.903,B0,0.0000,4504,85.2,1,1800,1531,8
1774007225.519,909.903,B0,0.0000,4504,84.7,1,1800,1580,8
1774007226.520,910.903,B0,0.0000,4504,84.2,1,1800,1580,8
1774007227.520,911.903,B0,0.0000,4504,83.3,1,1800,600,6
1774007228.520,912.903,B0,143.9338,4654,84.2,1,1800,1580,8
1774007229.520,913.903,B0,0.0000,4654,84.7,1,1800,1531,8
1774007230.520,914.904,B0,0.0000,4654,84.7,1,1800,1629,8
1774007231.524,915.908,B0,0.0000,4654,83.8,1,1800,1629,8
1774007232.528,916.912,B0,0.0000,4654,84.2,1,1800,1580,8
1774007233.528,917.912,B0,0.0000,4654,84.2,1,1800,1580,8
1774007234.529,918.912,B0,0.0000,4654,83.8,1,1800,600,6
1774007235.529,919.912,B0,0.0000,4654,85.2,1,1800,600,6
1774007236.532,920.916,B0,0.0000,4654,84.7,1,1800,1531,8
1774007237.532,921.916,B0,0.0000,4654,85.7,1,1800,600,6
1774007238.536,922.920,B0,0.0000,4654,84.7,1,1800,1580,8
1774007239.536,923.920,B0,0.0000,4654,84.2,1,1800,1531,8
1774007240.537,924.920,B0,0.0000,4654,84.2,1,1800,1580,8
1774007241.537,925.920,B0,0.0000,4654,84.2,1,1800,1629,8
1774007242.537,926.920,B0,0.0000,4654,84.2,1,1800,1629,8
1774007243.537,927.920,B0,0.0000,4654,84.7,1,1800,1677,8
1774007244.540,928.924,B0,0.0000,4654,85.2,1,1800,1629,8
1774007245.544,929.928,B0,0.0000,4654,84.7,1,1800,600,6
1774007246.548,930.932,B0,0.0000,4654,83.8,1,1800,600,6
1774007247.548,931.932,B0,0.0000,4654,84.7,1,1800,1580,8
1774007248.549,932.932,B0,0.0000,4654,84.2,1,1800,1531,8
1774007249.549,933.932,B0,105.8924,4760,84.7,1,1800,1531,8
1774007250.552,934.936,B0,0.0000,4760,84.2,1,1800,1629,8
1774007251.556,935.940,B0,0.0000,4760,83.8,1,1800,1629,8
1774007252.556,936.940,B0,0.0000,4760,84.2,1,1800,1580,8
1774007253.560,937.944,B0,0.0000,4760,84.2,1,1800,1629,8
1774007254.560,938.944,B0,0.0000,4760,85.2,1,1800,1580,8
1774007255.562,939.945,B0,0.0000,4760,84.2,1,1800,1580,8
1774007256.562,940.946,B0,0.0000,4760,83.8,1,1800,1629,8
1774007257.563,941.946,B0,0.0000,4760,84.2,1,1800,1629,8
1774007258.563,942.946,B0,0.0000,4760,83.8,1,1800,1531,8
1774007259.563,943.946,B0,0.0000,4760,84.2,1,1800,1531,8
1774007260.563,944.946,B0,0.0000,4760,84.7,1,1800,1580,8
1774007261.563,945.946,B0,0.0000,4760,85.7,1,1800,1677,8
1774007262.563,946.947,B0,0.0000,4760,85.7,1,1800,1629,8
1774007263.563,947.947,B0,0.0000,4760,84.2,1,1800,1629,8
1774007264.564,948.947,B0,0.0000,4760,84.7,1,1800,1726,8
1774007265.564,949.948,B0,0.0000,4760,84.7,1,1800,1531,8
1774007266.564,950.948,B0,0.0000,4760,83.3,1,1800,1677,8
1774007267.565,951.948,B0,0.0000,4760,83.8,1,1800,1629,8
1774007268.565,952.948,B0,0.0000,4760,85.2,1,1800,600,6
1774007269.565,953.948,B0,0.0000,4760,84.7,1,1800,1531,8
1774007270.565,954.948,B0,0.0000,4760,83.8,1,1800,1629,8
1774007271.565,955.949,B0,0.0000,4760,83.3,1,1800,1677,8
1774007272.568,956.952,B0,0.0000,4760,84.2,1,1800,1580,8
1774007273.572,957.956,B0,0.0000,4760,84.7,1,1800,1629,8
1774007274.572,958.956,B0,0.0000,4760,85.2,1,1800,1580,8
1774007275.576,959.960,B0,0.0000,4760,83.8,1,1800,1580,8
1774007276.576,960.960,B0,0.0000,4760,84.7,1,1800,1580,8
1774007277.577,961.960,B0,0.0000,4760,84.2,1,1800,1580,8
1774007278.577,962.960,B0,0.0000,4760,86.2,1,1800,1531,8
1774007279.577,963.960,B0,0.0000,4760,84.2,1,1800,1531,8
1774007280.580,964.964,B0,138.3797,4910,84.2,1,1800,1531,8
1774007281.580,965.964,B0,0.0000,4910,83.8,1,1800,1580,8
1774007282.584,966.968,B0,0.0000,4910,83.8,1,1800,1629,8
1774007283.588,967.972,B0,0.0000,4910,84.2,1,1800,1629,8
1774007284.588,968.972,B0,0.0000,4910,84.2,1,1800,1580,8
1774007285.589,969.972,B0,0.0000,4910,84.2,1,1800,1580,8
1774007286.589,970.972,B0,0.0000,4910,83.3,1,1800,1677,8
1774007287.592,971.976,B0,0.0000,4910,84.2,1,1800,1677,8
1774007288.592,972.976,B0,0.0000,4910,84.7,1,1800,1580,8
1774007289.593,973.976,B0,0.0000,4910,85.2,1,1800,1580,8
1774007290.596,974.980,B0,0.0000,4910,84.2,1,1800,1580,8
1774007291.600,975.984,B0,0.0000,4910,85.2,1,1800,1580,8
1774007292.604,976.988,B0,0.0000,4910,84.2,1,1800,1629,8
1774007293.604,977.988,B0,0.0000,4910,84.2,1,1800,1629,8
1774007294.605,978.988,B0,0.0000,4910,85.2,1,1800,1580,8
1774007295.608,979.992,B0,0.0000,4910,84.2,1,1800,1580,8
1774007296.608,980.992,B0,0.0000,4910,84.2,1,1800,1580,8
1774007297.612,981.996,B0,0.0000,4910,84.7,1,1800,1629,8
1774007298.616,983.000,B0,0.0000,4910,84.7,1,1800,1580,8
1774007299.616,984.000,B0,0.0000,4910,84.7,1,1800,1580,8
1774007300.617,985.000,B0,0.0000,4910,84.7,1,1800,1531,8
1774007301.617,986.000,B0,0.0000,4910,83.8,1,1800,1629,8
1774007302.620,987.004,B0,0.0000,4910,83.3,1,1800,1580,8
1774007303.620,988.004,B0,0.0000,4910,83.8,1,1800,1531,8
1774007304.621,989.004,B0,0.0000,4910,84.7,1,1800,1580,8
1774007305.621,990.004,B0,0.0000,4910,83.3,1,1800,1580,8
1774007306.624,991.008,B0,0.0000,4910,85.2,1,1800,1531,8
1774007307.624,992.008,B0,0.0000,4910,84.2,1,1800,1580,8
1774007308.625,993.008,B0,0.0000,4910,84.7,1,1800,1531,8
1774007309.625,994.008,B0,0.0000,4910,83.8,1,1800,1531,8
1774007310.625,995.009,B0,0.0000,4910,85.2,1,1800,1629,8
1774007311.625,996.009,B0,147.0273,5060,84.7,1,1800,1531,8
1774007312.626,997.009,B0,0.0000,5060,84.7,1,1800,1580,8
1774007313.626,998.009,B0,0.0000,5060,86.2,1,1800,1677,8
1774007314.628,999.012,B0,0.0000,5060,84.7,1,1800,600,6
1774007315.630,1000.013,B0,0.0000,5060,84.2,1,1800,1531,8
1774007316.630,1001.013,B0,0.0000,5060,84.7,1,1800,1531,8
1774007317.630,1002.014,B0,0.0000,5060,84.2,1,1800,1531,8
1774007318.630,1003.014,B0,0.0000,5060,84.2,1,1800,1531,8
1774007319.631,1004.014,B0,0.0000,5060,83.8,1,1800,1629,8
1774007320.631,1005.014,B0,0.0000,5060,83.3,1,1800,1580,8
1774007321.631,1006.014,B0,0.0000,5060,84.7,1,1800,1531,8
1774007322.631,1007.014,B0,0.0000,5060,84.2,1,1800,1580,8
1774007323.631,1008.015,B0,0.0000,5060,84.7,1,1800,1580,8
1774007324.631,1009.015,B0,0.0000,5060,84.2,1,1800,1677,8
1774007325.632,1010.015,B0,0.0000,5060,85.2,1,1800,600,6
1774007326.632,1011.015,B0,0.0000,5060,83.8,1,1800,1531,8
1774007327.632,1012.015,B0,0.0000,5060,83.3,1,1800,1677,8
1774007328.632,1013.015,B0,0.0000,5060,84.7,1,1800,1677,8
1774007329.632,1014.016,B0,0.0000,5060,84.2,1,1800,1531,8
1774007330.636,1015.020,B0,0.0000,5060,84.2,1,1800,1531,8
1774007331.636,1016.020,B0,0.0000,5060,84.2,1,1800,1531,8
1774007332.637,1017.020,B0,0.0000,5060,83.8,1,1800,600,6
1774007333.640,1018.024,B0,0.0000,5060,84.7,1,1800,1580,8
1774007334.640,1019.024,B0,0.0000,5060,83.8,1,1800,1580,8
1774007335.644,1020.028,B0,0.0000,5060,84.7,1,1800,1629,8
1774007336.648,1021.032,B0,0.0000,5060,83.3,1,1800,1580,8
1774007337.652,1022.036,B0,0.0000,5060,85.2,1,1800,1531,8
1774007338.656,1023.040,B0,0.0000,5060,84.2,1,1800,1531,8
1774007339.656,1024.040,B0,0.0000,5060,84.7,1,1800,1629,8
1774007340.660,1025.044,B0,0.0000,5060,84.7,1,1800,1629,8
1774007341.664,1026.048,B0,0.0000,5060,84.2,1,1800,1629,8
1774007342.664,1027.048,B0,152.2209,5210,84.7,1,1800,1580,8
1774007343.665,1028.048,B0,0.0000,5210,83.8,1,1800,1531,8
1774007344.665,1029.048,B0,0.0000,5210,84.2,1,1800,600,6
1774007345.665,1030.048,B0,0.0000,5210,84.7,1,1800,1580,8
1774007346.668,1031.052,B0,0.0000,5210,84.2,1,1800,1531,8
1774007347.668,1032.052,B0,0.0000,5210,83.8,1,1800,1629,8
1774007348.672,1033.056,B0,0.0000,5210,84.2,1,1800,1629,8
1774007349.672,1034.056,B0,0.0000,5210,84.7,1,1800,1531,8
1774007350.673,1035.056,B0,0.0000,5210,84.2,1,1800,1580,8
1774007351.673,1036.056,B0,0.0000,5210,84.2,1,1800,1531,8
1774007352.673,1037.056,B0,0.0000,5210,84.7,1,1800,1531,8
1774007353.673,1038.056,B0,0.0000,5210,83.8,1,1800,1629,8
1774007354.673,1039.057,B0,0.0000,5210,84.7,1,1800,1531,8
1774007355.676,1040.060,B0,0.0000,5210,84.7,1,1800,1580,8
1774007356.676,1041.060,B0,0.0000,5210,83.8,1,1800,1531,8
1774007357.677,1042.060,B0,0.0000,5210,84.7,1,1800,1531,8
1774007358.679,1043.062,B0,0.0000,5210,84.7,1,1800,1580,8
1774007359.679,1044.063,B0,0.0000,5210,84.2,1,1800,1531,8
1774007360.679,1045.063,B0,0.0000,5210,85.2,1,1800,1677,8
1774007361.680,1046.063,B0,0.0000,5210,84.2,1,1800,1580,8
1774007362.680,1047.063,B0,0.0000,5210,84.2,1,1800,1580,8
1774007363.680,1048.063,B0,0.0000,5210,83.8,1,1800,1677,8
1774007364.680,1049.063,B0,0.0000,5210,83.3,1,1800,1531,8
1774007365.680,1050.064,B0,0.0000,5210,85.2,1,1800,1629,8
1774007366.680,1051.064,B0,117.3687,5331,84.2,1,1800,1580,8
1774007367.684,1052.068,B0,0.0000,5331,83.8,1,1800,1580,8
1774007368.684,1053.068,B0,0.0000,5331,84.7,1,1800,1580,8
1774007369.688,1054.072,B0,0.0000,5331,85.2,1,1800,1580,6
1774007370.692,1055.076,B0,0.0000,5331,83.8,1,1800,1531,8
1774007371.692,1056.076,B0,0.0000,5331,84.2,1,1800,1580,8
1774007372.693,1057.076,B0,0.0000,5331,84.7,1,1800,1580,8
1774007373.696,1058.080,B0,0.0000,5331,84.2,1,1800,1580,8
1774007374.696,1059.080,B0,0.0000,5331,84.2,1,1800,1531,8
1774007375.700,1060.084,B0,0.0000,5331,83.8,1,1800,1629,8
1774007376.700,1061.084,B0,47.7522,5379,84.7,1,1800,1580,8
1774007377.701,1062.084,B0,0.0000,5379,84.2,1,1800,1580,8
1774007378.701,1063.084,B0,0.0000,5379,85.2,1,1800,1580,8
1774007379.701,1064.084,B0,0.0000,5379,83.8,1,1800,1629,8
1774007380.701,1065.084,B0,0.0000,5379,84.7,1,1800,1580,8
1774007381.701,1066.085,B0,0.0000,5379,84.7,1,1800,1580,8
1774007382.701,1067.085,B0,0.0000,5379,84.7,1,1800,1531,8
1774007383.704,1068.088,B0,0.0000,5379,84.2,1,1800,600,8
1774007384.704,1069.088,B0,0.0000,5379,84.7,1,1800,1531,8
1774007385.705,1070.088,B0,0.0000,5379,85.2,1,1800,1531,8
1774007386.705,1071.088,B0,0.0000,5379,84.2,1,1800,600,6
1774007387.705,1072.088,B0,0.0000,5379,85.2,1,1800,1580,8
1774007388.705,1073.088,B0,0.0000,5379,84.2,1,1800,600,6
1774007389.705,1074.089,B0,0.0000,5379,84.7,1,1800,1580,8
1774007390.708,1075.092,B0,0.0000,5379,83.8,1,1800,1629,8
1774007391.708,1076.092,B0,0.0000,5379,84.7,1,1800,1531,8
1774007392.709,1077.092,B0,0.0000,5379,85.7,1,1800,600,6
1774007393.709,1078.092,B0,0.0000,5379,84.7,1,1800,1531,8
1774007394.709,1079.092,B0,0.0000,5379,85.2,1,1800,1531,8
1774007395.709,1080.092,B0,0.0000,5379,84.7,1,1800,1629,8
1774007396.709,1081.093,B0,0.0000,5379,84.2,1,1800,1531,8
1774007397.709,1082.093,B0,0.0000,5379,84.7,1,1800,1580,8
1774007398.712,1083.096,B0,0.0000,5379,83.8,1,1800,1580,8
1774007399.716,1084.100,B0,0.0000,5379,84.7,1,1800,600,8
1774007400.720,1085.104,B0,0.0000,5379,85.7,1,1800,1531,8
1774007401.720,1086.104,B0,0.0000,5379,84.7,1,1800,1580,8
1774007402.721,1087.105,B0,0.0000,5379,83.3,1,1800,600,6
1774007403.722,1088.105,B0,0.0000,5379,83.3,1,1800,1677,8
1774007404.724,1089.108,B0,0.0000,5379,83.3,1,1800,1677,8
1774007405.724,1090.108,B0,0.0000,5379,84.7,1,1800,1531,8
1774007406.725,1091.108,B0,166.4790,5529,85.2,1,1800,1629,8
1774007407.725,1092.109,B0,0.0000,5529,84.2,1,1800,1580,8
1774007408.725,1093.109,B0,0.0000,5529,85.2,1,1800,1629,8
1774007409.726,1094.109,B0,0.0000,5529,83.8,1,1800,1531,8
1774007410.728,1095.112,B0,0.0000,5529,84.2,1,1800,1629,8
1774007411.728,1096.112,B0,0.0000,5529,83.8,1,1800,1677,8
1774007412.729,1097.112,B0,0.0000,5529,84.2,1,1800,1580,8
1774007413.732,1098.116,B0,0.0000,5529,84.7,1,1800,1580,8
1774007414.732,1099.116,B0,0.0000,5529,83.8,1,1800,600,8
1774007415.736,1100.120,B0,0.0000,5529,83.8,1,1800,1531,8
1774007416.740,1101.124,B0,0.0000,5529,83.8,1,1800,1629,8
1774007417.740,1102.124,B0,0.0000,5529,84.7,1,1800,1531,8
1774007418.744,1103.128,B0,0.0000,5529,83.8,1,1800,1531,8
1774007419.744,1104.128,B0,0.0000,5529,84.2,1,1800,1629,8
1774007420.745,1105.128,B0,0.0000,5529,83.8,1,1800,1629,8
1774007421.745,1106.128,B0,0.0000,5529,84.2,1,1800,1629,8
1774007422.745,1107.128,B0,0.0000,5529,84.7,1,1800,1580,8
1774007423.745,1108.128,B0,0.0000,5529,84.7,1,1800,1580,8
1774007424.745,1109.129,B0,0.0000,5529,84.7,1,1800,1531,8
1774007425.745,1110.129,B0,0.0000,5529,85.2,1,1800,1531,8
1774007426.748,1111.132,B0,0.0000,5529,83.8,1,1800,1580,8
1774007427.752,1112.136,B0,0.0000,5529,84.2,1,1800,1531,8
1774007428.754,1113.137,B0,0.0000,5529,83.3,1,1800,1531,8
1774007429.756,1114.140,B0,0.0000,5529,84.7,1,1800,1677,8
1774007430.756,1115.140,B0,0.0000,5529,85.2,1,1800,1580,8
1774007431.760,1116.144,B0,0.0000,5529,83.8,1,1800,1531,8
1774007432.764,1117.148,B0,0.0000,5529,84.2,1,1800,600,6
1774007433.768,1118.152,B0,0.0000,5529,85.2,1,1800,1677,8
1774007434.772,1119.156,B0,0.0000,5529,84.2,1,1800,1531,8
1774007435.772,1120.156,B0,0.0000,5529,83.8,1,1800,1580,8
1774007436.773,1121.156,B0,0.0000,5529,83.3,1,1800,600,6
1774007437.773,1122.156,B0,151.8994,5679,86.2,1,1800,1580,8
1774007438.776,1123.160,B0,0.0000,5679,84.7,1,1800,1629,8
1774007439.776,1124.160,B0,0.0000,5679,84.7,1,1800,1629,8
1774007440.777,1125.160,B0,0.0000,5679,83.8,1,1800,1580,8
1774007441.777,1126.160,B0,0.0000,5679,84.2,1,1800,1531,8
1774007442.780,1127.164,B0,0.0000,5679,83.8,1,1800,1629,8
1774007443.780,1128.164,B0,0.0000,5679,84.7,1,1800,1580,8
1774007444.784,1129.168,B0,0.0000,5679,84.2,1,1800,1677,8
1774007445.784,1130.168,B0,0.0000,5679,83.8,1,1800,1580,8
1774007446.785,1131.168,B0,0.0000,5679,84.2,1,1800,1580,8
1774007447.785,1132.168,B0,0.0000,5679,84.7,1,1800,1629,8
1774007448.785,1133.168,B0,0.0000,5679,84.2,1,1800,1629,8
1774007449.788,1134.172,B0,0.0000,5679,85.2,1,1800,1580,8
1774007450.788,1135.172,B0,0.0000,5679,84.2,1,1800,1531,8
1774007451.789,1136.172,B0,0.0000,5679,84.7,1,1800,1531,8
1774007452.789,1137.172,B0,0.0000,5679,84.7,1,1800,1580,8
1774007453.789,1138.172,B0,0.0000,5679,84.2,1,1800,1531,8
1774007454.789,1139.172,B0,0.0000,5679,85.7,1,1800,600,6
1774007455.789,1140.173,B0,0.0000,5679,84.2,1,1800,1580,8
1774007456.789,1141.173,B0,0.0000,5679,84.2,1,1800,1580,8
1774007457.792,1142.176,B0,0.0000,5679,84.2,1,1800,1629,8
1774007458.796,1143.180,B0,0.0000,5679,84.2,1,1800,1580,8
1774007459.796,1144.180,B0,0.0000,5679,84.7,1,1800,1531,8
1774007460.797,1145.180,B0,0.0000,5679,85.2,1,1800,1629,8
1774007461.797,1146.180,B0,0.0000,5679,83.8,1,1800,1629,8
1774007462.797,1147.180,B0,0.0000,5679,84.2,1,1800,1677,8
1774007463.797,1148.181,B0,0.0000,5679,84.7,1,1800,1531,8
1774007464.797,1149.181,B0,0.0000,5679,84.7,1,1800,1580,8
1774007465.797,1150.181,B0,0.0000,5679,83.8,1,1800,1531,8
1774007466.798,1151.181,B0,0.0000,5679,84.2,1,1800,1580,8
1774007467.798,1152.181,B0,181.0439,5829,84.2,1,1800,1580,8
1774007468.800,1153.184,B0,0.0000,5829,84.7,1,1800,1531,8
1774007469.800,1154.184,B0,0.0000,5829,84.2,1,1800,1531,8
1774007470.801,1155.184,B0,0.0000,5829,85.2,1,1800,1531,8
1774007471.801,1156.184,B0,0.0000,5829,83.8,1,1800,600,6
1774007472.801,1157.184,B0,0.0000,5829,84.2,1,1800,1531,8
1774007473.801,1158.184,B0,0.0000,5829,84.2,1,1800,1580,8
1774007474.801,1159.185,B0,0.0000,5829,84.2,1,1800,1531,8
1774007475.801,1160.185,B0,0.0000,5829,84.7,1,1800,1531,8
1774007476.804,1161.188,B0,0.0000,5829,85.2,1,1800,1531,8
1774007477.804,1162.188,B0,0.0000,5829,85.2,1,1800,1629,8
1774007478.805,1163.188,B0,0.0000,5829,84.2,1,1800,1677,8
1774007479.805,1164.188,B0,0.0000,5829,85.2,1,1800,1531,8
1774007480.807,1165.191,B0,0.0000,5829,84.2,1,1800,1580,8
1774007481.808,1166.191,B0,0.0000,5829,84.7,1,1800,1531,8
1774007482.808,1167.191,B0,0.0000,5829,84.7,1,1800,1629,8
1774007483.808,1168.191,B0,0.0000,5829,85.7,1,1800,1580,6
1774007484.808,1169.191,B0,0.0000,5829,83.8,1,1800,1580,8
1774007485.812,1170.196,B0,0.0000,5829,83.8,1,1800,1629,8
1774007486.813,1171.196,B0,0.0000,5829,83.8,1,1800,600,6
1774007487.813,1172.196,B0,0.0000,5829,85.2,1,1800,1531,8
1774007488.813,1173.196,B0,0.0000,5829,83.8,1,1800,1677,8
1774007489.813,1174.196,B0,0.0000,5829,84.2,1,1800,1531,8
1774007490.813,1175.197,B0,0.0000,5829,83.8,1,1800,1580,8
1774007491.816,1176.200,B0,0.0000,5829,85.2,1,1800,600,6
1774007492.816,1177.200,B0,0.0000,5829,84.2,1,1800,600,6
1774007493.820,1178.204,B0,0.0000,5829,84.7,1,1800,1580,8
1774007494.820,1179.204,B0,0.0000,5829,83.8,1,1800,600,8
1774007495.824,1180.208,B0,0.0000,5829,84.2,1,1800,1629,8
1774007496.824,1181.208,B0,0.0000,5829,84.2,1,1800,1629,8
1774007497.828,1182.212,B0,0.0000,5829,84.7,1,1800,1629,8
1774007498.828,1183.212,B0,140.6104,5978,84.7,1,1800,1531,8
1774007499.829,1184.212,B0,0.0000,5978,84.2,1,1800,1629,8
1774007500.832,1185.216,B0,0.0000,5978,85.2,1,1800,1580,8
1774007501.832,1186.216,B0,0.0000,5978,85.2,1,1800,1629,8
1774007502.836,1187.220,B0,0.0000,5978,84.7,1,1800,1531,8
1774007503.836,1188.220,B0,0.0000,5978,83.8,1,1800,1580,8
1774007504.837,1189.220,B0,0.0000,5978,83.8,1,1800,1629,8
1774007505.840,1190.224,B0,0.0000,5978,84.7,1,1800,1629,8
1774007506.840,1191.224,B0,0.0000,5978,84.2,1,1800,600,6
1774007507.841,1192.224,B0,0.0000,5978,83.8,1,1800,1580,8
1774007508.841,1193.224,B0,0.0000,5978,85.2,1,1800,1580,8
1774007509.841,1194.224,B0,0.0000,5978,84.2,1,1800,1531,8
1774007510.841,1195.224,B0,0.0000,5978,84.7,1,1800,1629,8
1774007511.844,1196.228,B0,0.0000,5978,85.2,1,1800,1580,8
1774007512.844,1197.228,B0,0.0000,5978,83.8,1,1800,1629,8
1774007513.845,1198.228,B0,0.0000,5978,84.7,1,1800,600,6
1774007514.845,1199.228,B0,0.0000,5978,83.3,1,1800,600,6
